year,month,month_str,n_days,n_valid_temp,missing_days,Tmean,Tmin,Tmax,ADD,FI,FD,FTC,FI_cum,TI,TD,TIG,TDG,RI,RD,PREC
1996,1,1996-01,31,31,0,-7.465,-11.816,-3.068,8.748,-246.4,27,10,-246.4,15.0,4,9.5,10.4,57.0,28.34,92.0
1996,2,1996-02,29,29,0,-6.572,-10.397,-2.731,7.666,-213.1,18,9,-459.5,22.5,11,8.7,9.8,34.2,4.46,55.0
1996,3,1996-03,31,31,0,-3.626,-8.403,1.174,9.577,-144.2,22,16,-603.7,31.8,9,7.6,11.2,2.6,-34.21,37.8
1996,4,1996-04,30,30,0,3.937,-0.83,8.67,9.5,-15.4,7,16,-619.1,133.5,23,6.3,6.8,111.4,43.42,130.6
1996,5,1996-05,31,31,1,11.134,5.369,16.955,11.585,0.0,0,2,-619.1,345.15,31,6.0,9.4,106.8,25.0,106.8
1996,6,1996-06,30,30,0,18.307,13.667,22.897,9.23,0.0,0,0,-619.1,549.2,30,5.6,2.7,128.2,45.81,128.2
1996,7,1996-07,31,31,0,18.742,13.132,24.306,11.174,0.0,0,0,-619.1,581.0,31,4.7,7.1,91.8,-6.75,91.8
1996,8,1996-08,31,31,0,19.581,13.077,26.039,12.961,0.0,0,0,-619.1,607.0,31,3.7,4.2,43.1,-40.82,43.1
1996,9,1996-09,30,30,0,15.013,9.903,20.06,10.157,0.0,0,0,-619.1,450.4,30,5.5,3.7,154.6,66.81,154.6
1996,10,1996-10,31,31,0,8.277,3.297,13.216,9.919,0.0,0,6,0.0,256.6,31,9.5,9.5,59.2,-6.89,59.2
1996,11,1996-11,30,30,0,-0.27,-3.72,3.19,6.91,-57.3,18,15,-57.3,49.2,12,6.5,6.4,22.0,-53.02,40.2
1996,12,1996-12,31,31,0,-1.242,-3.894,1.419,5.313,-67.8,15,18,-125.1,29.3,15,6.3,9.0,61.6,23.58,103.7
1997,1,1997-01,31,31,0,-7.094,-11.452,-2.69,8.761,-237.0,26,6,-362.1,17.1,5,11.5,10.2,36.6,7.94,89.2
1997,2,1997-02,28,28,0,-3.964,-8.286,0.396,8.682,-129.8,22,10,-491.9,18.8,6,14.1,10.0,71.2,41.46,87.5
1997,3,1997-03,31,31,0,-1.971,-6.21,2.281,8.49,-96.6,20,16,-588.5,35.5,11,8.9,9.1,61.5,24.69,111.7
1997,4,1997-04,30,30,0,4.937,-0.717,10.537,11.253,-9.9,3,16,-598.4,158.0,27,4.9,11.7,21.7,-46.28,25.5
1997,5,1997-05,31,31,0,8.677,3.442,13.858,10.416,0.0,0,4,-598.4,269.0,31,5.7,6.7,88.6,6.8,88.6
1997,6,1997-06,30,30,0,18.667,12.327,24.95,12.623,0.0,0,0,-598.4,560.0,30,7.7,6.0,71.7,-10.69,71.7
1997,7,1997-07,31,31,0,19.216,13.371,25.019,11.648,0.0,0,0,-598.4,595.7,31,3.8,6.7,66.0,-32.55,66.0
1997,8,1997-08,31,31,0,17.113,11.158,23.013,11.855,0.0,0,0,-598.4,530.5,31,4.4,7.0,84.6,0.68,84.6
1997,9,1997-09,30,30,0,14.34,8.647,19.977,11.33,0.0,0,0,-598.4,430.2,30,7.0,5.4,78.4,-9.39,78.4
1997,10,1997-10,31,31,0,8.732,3.319,14.1,10.781,-0.2,1,10,-0.2,270.9,30,9.2,6.9,43.5,-22.59,55.3
1997,11,1997-11,30,30,2,1.062,-2.317,4.485,6.802,-33.25,13,14,-33.45,65.1,17,5.0,4.4,44.0,-31.02,64.4
1997,12,1997-12,31,31,0,-2.345,-5.158,0.477,5.635,-81.4,24,19,-114.85,8.7,7,6.3,6.1,23.0,-15.02,42.8
1998,1,1998-01,31,31,0,-3.058,-6.132,0.045,6.177,-121.9,24,13,-236.75,27.1,7,7.7,6.4,74.3,45.64,105.8
1998,2,1998-02,28,28,0,-1.539,-5.418,2.314,7.732,-62.0,14,19,-298.75,18.9,14,4.4,7.5,32.0,2.26,32.4
1998,3,1998-03,31,31,1,0.99,-3.103,5.066,8.169,-71.3,16,16,-370.05,102.0,15,10.6,6.0,64.2,27.39,95.4
1998,4,1998-04,30,30,0,7.6,1.687,13.467,11.78,0.0,0,11,-370.05,228.0,30,4.9,4.8,53.8,-14.18,53.8
1998,5,1998-05,31,31,0,16.055,9.497,22.561,13.065,0.0,0,0,-370.05,497.7,31,3.4,8.9,39.8,-42.0,39.8
1998,6,1998-06,30,30,0,17.9,12.207,23.547,11.34,0.0,0,0,-370.05,537.0,30,5.0,6.5,75.0,-7.39,75.0
1998,7,1998-07,31,31,0,19.868,13.49,26.194,12.703,0.0,0,0,-370.05,615.9,31,4.8,5.1,30.4,-68.15,30.4
1998,8,1998-08,31,31,0,20.29,13.819,26.716,12.897,0.0,0,0,-370.05,629.0,31,6.1,6.8,40.2,-43.72,40.2
1998,9,1998-09,30,30,0,16.767,9.517,23.967,14.45,0.0,0,0,-370.05,503.0,30,7.4,9.3,42.5,-45.29,42.5
1998,10,1998-10,31,31,0,9.69,4.0,15.339,11.339,0.0,0,4,0.0,300.4,31,5.9,4.9,19.0,-47.09,19.0
1998,11,1998-11,30,30,0,3.33,-0.697,7.33,8.027,-2.5,3,18,-2.5,102.4,27,8.1,7.2,49.0,-26.02,49.4
1998,12,1998-12,31,31,0,-0.455,-4.413,3.506,7.919,-89.1,14,17,-91.6,75.0,17,7.1,9.3,63.0,24.98,72.8
1999,1,1999-01,31,31,0,-7.471,-11.368,-3.529,7.839,-243.0,27,8,-334.6,11.4,4,8.3,7.4,38.4,9.74,117.6
1999,2,1999-02,28,28,0,-2.657,-6.793,1.489,8.282,-94.4,19,15,-429.0,20.0,9,8.5,11.1,34.2,4.46,40.6
1999,3,1999-03,31,31,0,-1.113,-5.574,3.358,8.932,-85.4,18,21,-514.4,50.9,12,5.8,4.7,0.0,-36.81,27.4
1999,4,1999-04,30,30,0,6.913,1.133,12.64,11.507,0.0,0,11,-514.4,207.4,30,6.0,6.5,40.2,-27.78,47.2
1999,5,1999-05,31,31,0,14.252,7.258,21.197,13.939,0.0,0,0,-514.4,441.8,31,4.8,10.1,42.8,-39.0,42.8
1999,6,1999-06,30,30,0,19.07,12.643,25.44,12.797,0.0,0,0,-514.4,572.1,30,6.1,9.3,86.0,3.61,86.0
1999,7,1999-07,31,31,0,22.377,16.313,28.403,12.09,0.0,0,0,-514.4,693.7,31,7.2,6.1,71.0,-27.55,71.0
1999,8,1999-08,31,31,0,18.068,12.345,23.735,11.39,0.0,0,0,-514.4,560.1,31,5.1,8.0,63.8,-20.12,63.8
1999,9,1999-09,30,30,0,15.96,9.38,22.5,13.12,0.0,0,1,-514.4,478.8,30,7.1,7.2,115.6,27.81,115.6
1999,10,1999-10,31,31,0,7.71,2.158,13.213,11.055,0.0,0,7,0.0,239.0,31,6.7,6.7,67.0,0.91,67.0
1999,11,1999-11,30,30,0,4.497,0.153,8.8,8.647,-14.6,7,12,-14.6,149.5,23,7.4,8.3,61.6,-13.42,70.6
1999,12,1999-12,31,31,0,-2.119,-6.039,1.806,7.845,-110.0,20,16,-124.6,44.3,11,9.1,8.0,42.4,4.38,61.8
2000,1,2000-01,31,31,0,-6.935,-11.61,-2.232,9.377,-232.5,24,11,-357.1,17.5,6,8.3,9.3,18.4,-10.26,39.9
2000,2,2000-02,29,29,0,-4.2,-8.883,0.51,9.393,-160.2,22,5,-517.3,38.4,7,11.7,8.7,15.0,-14.74,48.5
2000,3,2000-03,31,31,0,3.584,-1.71,8.839,10.548,-22.3,7,17,-539.6,133.4,24,6.5,12.9,31.4,-5.41,45.0
2000,4,2000-04,30,30,0,6.057,0.98,11.107,10.127,-4.2,5,12,-543.8,185.9,25,8.4,8.5,64.8,-3.18,73.2
2000,5,2000-05,31,31,0,13.687,8.003,19.31,11.306,0.0,0,0,-543.8,424.3,31,7.3,6.0,150.3,68.5,150.3
2000,6,2000-06,30,30,0,17.81,12.317,23.253,10.937,0.0,0,0,-543.8,534.3,30,7.5,5.1,150.0,67.61,150.0
2000,7,2000-07,31,31,0,18.845,13.477,24.168,10.69,0.0,0,0,-543.8,584.2,31,2.9,6.7,98.0,-0.55,98.0
2000,8,2000-08,31,31,0,18.535,13.026,23.987,10.961,0.0,0,0,-543.8,574.6,31,4.9,6.4,53.0,-30.92,53.0
2000,9,2000-09,30,30,0,14.327,8.593,20.003,11.41,0.0,0,1,-543.8,429.8,30,6.2,9.2,95.5,7.71,95.5
2000,10,2000-10,31,31,0,9.884,4.148,15.558,11.41,0.0,0,7,0.0,306.4,31,6.0,9.3,21.1,-44.99,21.1
2000,11,2000-11,30,30,0,2.303,-1.487,6.07,7.557,-33.5,10,14,-33.5,102.6,20,7.2,6.9,61.2,-13.82,68.3
2000,12,2000-12,31,31,0,-8.661,-12.768,-4.526,8.242,-269.5,30,5,-303.0,1.0,1,9.6,7.8,15.2,-22.82,91.1
2001,1,2001-01,31,31,0,-5.065,-8.19,-1.91,6.281,-159.8,28,7,-462.8,2.8,3,6.8,7.4,19.2,-9.46,43.8
2001,2,2001-02,28,28,0,-4.15,-7.479,-0.786,6.693,-125.3,25,10,-588.1,9.1,3,11.9,9.2,87.3,57.56,110.9
2001,3,2001-03,31,31,0,-1.958,-5.794,1.887,7.681,-82.2,19,20,-670.3,21.5,12,8.9,4.7,12.3,-24.51,42.5
2001,4,2001-04,30,30,0,7.18,1.073,13.233,12.16,0.0,0,14,-670.3,215.4,30,10.4,10.5,39.8,-28.18,45.5
2001,5,2001-05,31,31,0,13.723,7.981,19.397,11.416,0.0,0,1,-670.3,425.4,31,4.7,8.5,88.2,6.4,88.2
2001,6,2001-06,30,30,0,18.513,12.663,24.313,11.65,0.0,0,0,-670.3,555.4,30,5.9,6.8,53.7,-28.69,53.7
2001,7,2001-07,31,31,0,19.4,13.403,25.332,11.929,0.0,0,0,-670.3,601.4,31,4.1,6.7,20.3,-78.25,20.3
2001,8,2001-08,31,31,0,20.965,14.487,27.394,12.906,0.0,0,0,-670.3,649.9,31,2.8,7.7,57.8,-26.12,57.8
2001,9,2001-09,30,30,0,14.68,8.543,20.78,12.237,0.0,0,0,-670.3,440.4,30,5.2,6.0,87.9,0.11,87.9
2001,10,2001-10,31,31,0,9.074,4.1,14.006,9.906,0.0,0,7,0.0,281.3,31,5.8,8.5,131.3,65.21,131.3
2001,11,2001-11,30,30,0,5.64,0.98,10.227,9.247,-0.3,1,14,-0.3,169.5,29,6.9,7.0,90.9,15.88,91.9
2001,12,2001-12,31,31,0,-0.171,-3.484,3.132,6.616,-66.1,16,15,-66.4,60.8,15,8.3,7.0,34.5,-3.52,62.0
2002,1,2002-01,31,31,0,-2.184,-5.271,0.919,6.19,-89.3,21,10,-155.7,21.6,10,6.7,8.0,14.0,-14.66,64.3
2002,2,2002-02,28,28,0,-3.143,-7.464,1.221,8.686,-105.2,23,15,-260.9,17.2,5,8.1,7.6,48.4,18.66,66.5
2002,3,2002-03,31,31,0,-0.748,-5.41,3.916,9.326,-74.9,18,20,-335.8,51.7,13,8.3,13.6,28.3,-8.51,64.4
2002,4,2002-04,30,30,0,6.347,1.777,10.897,9.12,-7.8,6,14,-343.6,198.2,24,6.7,7.5,88.2,20.22,110.1
2002,5,2002-05,31,31,0,9.565,3.758,15.332,11.574,0.0,0,6,-343.6,296.5,31,7.2,6.1,105.7,23.9,105.9
2002,6,2002-06,30,30,0,18.047,12.47,23.573,11.103,0.0,0,0,-343.6,541.4,30,6.8,6.9,95.8,13.41,95.8
2002,7,2002-07,31,31,0,22.01,15.535,28.432,12.897,0.0,0,0,-343.6,682.3,31,5.5,9.2,69.0,-29.55,69.0
2002,8,2002-08,31,31,0,19.977,13.268,26.639,13.371,0.0,0,0,-343.6,619.3,31,3.0,6.8,10.7,-73.22,10.7
2002,9,2002-09,30,30,0,17.893,10.987,24.747,13.76,0.0,0,0,-343.6,536.8,30,7.2,7.9,80.9,-6.89,80.9
2002,10,2002-10,31,31,0,6.932,1.81,12.023,10.213,-2.0,4,15,-2.0,216.9,27,5.8,8.7,8.18,-57.91,47.2
2002,11,2002-11,30,30,0,1.787,-1.517,5.087,6.603,-26.7,10,17,-28.7,80.3,19,10.8,8.0,0.0,-75.02,59.8
2002,12,2002-12,31,31,0,-3.794,-7.419,-0.139,7.281,-130.3,25,13,-159.0,12.7,6,8.5,7.6,0.0,-38.02,37.7
2003,1,2003-01,31,31,0,-10.013,-14.503,-5.461,9.042,-312.6,30,2,-471.6,2.2,1,11.3,6.3,0.0,-28.66,2.5
2003,2,2003-02,28,28,0,-8.996,-14.307,-3.636,10.671,-252.2,27,8,-723.8,0.3,1,6.6,8.5,0.0,-29.74,52.0
2003,3,2003-03,31,31,0,-2.603,-9.055,3.855,12.91,-147.1,17,17,-870.9,66.4,14,14.6,10.9,0.0,-36.81,44.5
2003,4,2003-04,30,30,0,4.777,-1.54,11.073,12.613,-23.1,8,17,-894.0,166.4,22,9.5,10.5,0.0,-67.98,62.0
2003,5,2003-05,31,31,0,11.0,5.326,16.613,11.287,0.0,0,1,-894.0,341.0,31,3.8,7.1,0.0,-81.8,97.6
2003,6,2003-06,30,30,0,16.673,10.017,23.277,13.26,0.0,0,0,-894.0,500.2,30,4.7,7.7,0.0,-82.39,39.1
2003,7,2003-07,31,31,0,19.213,12.713,25.671,12.958,0.0,0,0,-894.0,595.6,31,3.3,4.5,0.0,-98.55,65.3
2003,8,2003-08,31,31,0,19.726,13.161,26.252,13.09,0.0,0,0,-894.0,611.5,31,7.9,6.1,0.0,-83.92,123.5
2003,9,2003-09,30,30,0,14.73,8.04,21.373,13.333,0.0,0,0,-894.0,441.9,30,4.1,6.5,0.0,-87.79,105.5
2003,10,2003-10,31,31,0,7.294,1.548,13.006,11.458,-0.1,1,14,-0.1,226.2,30,8.2,8.9,0.0,-66.09,89.6
2003,11,2003-11,30,30,0,3.52,-0.657,7.677,8.333,-9.6,7,17,-9.7,115.2,23,6.8,5.7,0.0,-75.02,146.9
2003,12,2003-12,31,31,0,-1.677,-5.187,1.829,7.016,-77.8,19,14,-87.5,25.8,12,5.2,8.6,0.0,-38.02,79.4
2004,1,2004-01,31,31,0,-10.361,-14.781,-5.906,8.874,-332.5,29,3,-420.0,11.3,2,11.8,10.1,0.0,-28.66,37.5
2004,2,2004-02,29,29,0,-6.11,-11.624,-0.548,11.076,-178.7,27,11,-598.7,1.5,2,10.0,8.8,0.0,-29.74,22.0
2004,3,2004-03,31,31,0,0.552,-3.545,4.645,8.19,-62.8,16,14,-661.5,79.9,15,9.3,7.1,0.0,-36.81,84.5
2004,4,2004-04,30,30,0,6.197,0.697,11.653,10.957,-5.4,3,13,-666.9,191.3,27,13.0,8.5,0.0,-67.98,63.5
2004,5,2004-05,31,31,0,11.887,5.842,17.884,12.042,0.0,0,2,-666.9,368.5,31,8.0,8.0,0.0,-81.8,116.5
2004,6,2004-06,30,30,0,15.46,8.827,22.04,13.213,0.0,0,0,-666.9,463.8,30,5.0,10.2,0.0,-82.39,60.5
2004,7,2004-07,31,31,0,18.903,12.794,24.968,12.174,0.0,0,0,-666.9,586.0,31,4.4,7.1,0.0,-98.55,86.0
2004,8,2004-08,31,31,0,17.213,11.039,23.345,12.306,0.0,0,0,-666.9,533.6,31,5.7,5.5,0.0,-83.92,45.0
2004,9,2004-09,30,30,0,16.08,8.753,23.353,14.6,0.0,0,0,-666.9,482.4,30,3.5,6.1,0.0,-87.79,27.0
2004,10,2004-10,31,31,0,8.726,3.274,14.132,10.858,0.0,0,6,0.0,270.5,31,7.1,6.5,0.02,-66.07,70.5
2004,11,2004-11,30,30,0,3.57,-1.0,8.117,9.117,-7.3,6,17,-7.3,114.4,24,8.2,7.7,0.0,-75.02,66.0
2004,12,2004-12,31,31,0,-4.584,-9.042,-0.103,8.939,-161.1,24,16,-168.4,19.0,7,14.4,8.4,0.0,-38.02,79.5
2005,1,2005-01,31,31,0,-8.281,-13.403,-3.123,10.281,-270.5,26,7,-438.9,13.8,5,9.3,13.3,0.0,-28.66,59.5
2005,2,2005-02,28,28,0,-6.411,-11.889,-0.882,11.007,-184.7,25,10,-623.6,5.2,3,10.8,8.2,0.0,-29.74,59.5
2005,3,2005-03,31,31,0,-3.952,-9.316,1.452,10.768,-146.5,26,17,-770.1,24.0,5,10.7,9.2,0.0,-36.81,17.0
2005,4,2005-04,30,30,0,6.18,-0.477,12.77,13.247,0.0,0,18,-770.1,185.4,30,3.7,5.3,0.0,-67.98,50.5
2005,5,2005-05,31,31,0,10.1,3.155,16.99,13.835,0.0,0,5,-770.1,313.1,31,5.7,6.2,0.0,-81.8,23.5
2005,6,2005-06,30,30,0,20.583,13.457,27.653,14.197,0.0,0,0,-770.1,617.5,30,6.6,5.1,0.0,-82.39,30.5
2005,7,2005-07,31,31,0,21.181,13.652,28.658,15.006,0.0,0,0,-770.1,656.6,31,5.0,4.7,0.0,-98.55,184.5
2005,8,2005-08,31,31,0,19.806,13.371,26.187,12.816,0.0,0,0,-770.1,614.0,31,3.2,6.3,0.0,-83.92,105.5
2005,9,2005-09,30,30,0,16.343,9.223,23.403,14.18,0.0,0,0,-770.1,490.3,30,8.2,6.0,0.0,-87.79,76.5
2005,10,2005-10,31,31,0,9.7,4.623,14.716,10.094,0.0,0,6,0.0,300.7,31,4.5,8.9,0.0,-66.09,35.5
2005,11,2005-11,30,30,0,3.563,-1.387,8.497,9.883,-47.4,9,7,-47.4,154.3,21,14.5,11.0,0.0,-75.02,119.3
2005,12,2005-12,31,31,0,-5.277,-8.252,-2.287,5.965,-167.3,27,9,-214.7,3.7,4,7.5,9.3,0.0,-38.02,43.0
2006,1,2006-01,31,31,0,-1.052,-4.668,2.6,7.268,-68.4,20,20,-283.1,35.8,11,9.8,7.7,0.0,-28.66,76.5
2006,2,2006-02,28,28,0,-5.257,-9.075,-1.414,7.661,-154.2,23,12,-437.3,7.0,5,5.4,10.8,0.0,-29.74,79.0
2006,3,2006-03,31,31,0,-0.142,-5.142,4.858,10.0,-66.2,17,21,-503.5,61.8,14,8.1,8.2,0.0,-36.81,63.0
2006,4,2006-04,30,30,0,7.25,0.637,13.82,13.183,-0.5,1,15,-504.0,218.0,28,6.5,9.0,0.0,-67.98,69.5
2006,5,2006-05,31,31,0,12.835,6.242,19.371,13.129,0.0,0,4,-504.0,397.9,31,6.4,5.2,0.0,-81.8,93.75
2006,6,2006-06,30,30,0,17.603,10.91,24.257,13.347,0.0,0,0,-504.0,528.1,30,8.0,6.6,0.0,-82.39,17.5
2006,7,2006-07,31,31,0,21.571,15.058,28.045,12.987,0.0,0,0,-504.0,668.7,31,6.2,5.6,0.0,-98.55,182.5
2006,8,2006-08,31,31,0,18.581,12.048,25.065,13.016,0.0,0,0,-504.0,576.0,31,4.4,7.7,0.0,-83.92,43.75
2006,9,2006-09,30,30,0,13.733,8.523,18.89,10.367,0.0,0,0,-504.0,412.0,30,9.5,7.2,0.0,-87.79,141.0
2006,10,2006-10,31,31,0,7.19,1.968,12.361,10.394,0.0,0,10,0.0,222.9,31,5.7,8.9,0.0,-66.09,57.75
2006,11,2006-11,30,30,0,4.137,-0.033,8.253,8.287,-0.9,3,15,-0.9,125.0,27,6.0,5.3,0.0,-75.02,58.0
2006,12,2006-12,31,31,0,0.413,-2.955,3.768,6.723,-41.9,13,18,-42.8,54.7,18,6.7,8.3,0.0,-38.02,64.0
2007,1,2007-01,31,31,0,-4.526,-8.623,-0.41,8.213,-175.8,23,6,-218.6,35.5,8,8.3,9.5,0.0,-28.66,44.0
2007,2,2007-02,28,28,0,-10.039,-14.346,-5.696,8.65,-281.1,28,5,-499.7,0.0,0,9.2,8.5,0.0,-29.74,11.5
2007,3,2007-03,31,31,0,-0.774,-5.845,4.31,10.155,-93.3,18,17,-593.0,69.3,13,10.0,8.5,0.0,-36.81,38.5
2007,4,2007-04,30,30,0,4.567,-0.543,9.65,10.193,-23.4,8,10,-616.4,160.4,22,6.0,6.9,0.0,-67.98,50.25
2007,5,2007-05,31,31,0,12.994,5.29,20.642,15.352,0.0,0,4,-616.4,402.8,31,11.2,10.4,0.0,-81.8,46.25
2007,6,2007-06,30,30,0,18.523,10.493,26.513,16.02,0.0,0,0,-616.4,555.7,30,7.6,9.2,0.0,-82.39,41.75
2007,7,2007-07,31,31,0,18.832,11.129,26.465,15.335,0.0,0,0,-616.4,583.8,31,4.3,8.1,0.0,-98.55,28.0
2007,8,2007-08,31,31,0,19.465,12.161,26.713,14.552,0.0,0,0,-616.4,603.4,31,5.0,7.0,0.0,-83.92,13.5
2007,9,2007-09,30,30,1,16.29,8.45,24.17,15.72,0.0,0,2,-616.4,488.7,30,7.2,10.2,0.0,-87.79,42.53
2007,10,2007-10,31,31,0,12.394,6.71,18.032,11.323,0.0,0,3,0.0,384.2,31,5.2,8.2,0.0,-66.09,28.47
2007,11,2007-11,30,30,0,0.94,-3.383,5.253,8.637,-29.9,11,20,-29.9,58.1,19,7.5,6.6,0.0,-75.02,76.5
2007,12,2007-12,31,31,0,-4.148,-7.703,-0.561,7.142,-132.2,26,14,-162.1,3.6,5,5.7,6.4,0.0,-38.02,77.25
2008,1,2008-01,31,31,0,-3.832,-7.548,-0.084,7.465,-157.2,24,11,-319.3,38.4,7,8.3,9.5,0.0,-28.66,64.5
2008,2,2008-02,29,29,3,-7.095,-11.238,-2.591,8.647,-205.75,29,5,-525.05,0.0,0,7.6,9.4,0.0,-29.74,94.5
2008,3,2008-03,31,31,0,-4.132,-8.884,0.639,9.523,-140.0,26,14,-665.05,11.9,5,11.1,7.5,0.0,-36.81,52.5
2008,4,2008-04,30,30,0,8.07,1.123,14.97,13.847,-1.2,1,11,-666.25,243.3,29,5.5,7.3,0.0,-67.98,46.0
2008,5,2008-05,31,31,0,10.181,3.697,16.613,12.916,0.0,0,3,-666.25,315.6,31,6.3,10.7,0.0,-81.8,62.5
2008,6,2008-06,30,30,0,18.413,12.837,23.943,11.107,0.0,0,0,-666.25,552.4,30,6.5,5.4,0.0,-82.39,81.5
2008,7,2008-07,31,31,0,20.2,13.874,26.494,12.619,0.0,0,0,-666.25,626.2,31,4.9,5.6,0.0,-98.55,228.5
2008,8,2008-08,31,31,0,17.784,11.177,24.319,13.142,0.0,0,0,-666.25,551.3,31,4.4,7.6,0.0,-83.92,84.5
2008,9,2008-09,30,30,0,15.293,8.817,21.71,12.893,0.0,0,0,-666.25,458.8,30,5.2,9.8,0.0,-87.79,112.25
2008,10,2008-10,31,31,0,7.494,1.281,13.652,12.371,-0.9,1,10,-0.9,233.2,30,9.2,4.7,0.0,-66.09,38.5
2008,11,2008-11,30,30,0,1.343,-2.76,5.443,8.203,-52.7,11,13,-53.6,93.0,19,9.2,5.9,0.0,-75.02,89.0
2008,12,2008-12,31,31,0,-4.387,-8.497,-0.255,8.242,-154.8,25,11,-208.4,18.8,6,10.3,6.9,0.0,-38.02,89.5
2009,1,2009-01,31,31,0,-10.768,-15.939,-5.558,10.381,-333.8,31,3,-542.2,0.0,0,10.0,10.3,0.0,-28.66,30.5
2009,2,2009-02,28,28,0,-5.2,-10.371,-0.007,10.364,-163.1,24,11,-705.3,17.5,4,10.2,10.0,0.0,-29.74,68.0
2009,3,2009-03,31,31,0,-0.148,-6.084,5.784,11.868,-63.9,14,24,-769.2,59.3,17,8.0,9.2,0.0,-36.81,63.75
2009,4,2009-04,30,30,0,6.723,0.61,12.79,12.18,-4.3,2,14,-773.5,206.0,28,7.9,9.8,0.0,-67.98,113.5
2009,5,2009-05,31,31,0,11.855,4.919,18.752,13.832,0.0,0,4,-773.5,367.5,31,6.3,8.1,0.0,-81.8,79.0
2009,6,2009-06,30,30,0,16.35,10.1,22.547,12.447,0.0,0,0,-773.5,490.5,30,2.8,3.1,0.0,-82.39,88.25
2009,7,2009-07,31,31,0,17.255,11.352,23.097,11.745,0.0,0,0,-773.5,534.9,31,4.3,4.5,0.0,-98.55,114.5
2009,8,2009-08,31,31,0,18.739,12.513,24.9,12.387,0.0,0,0,-773.5,580.9,31,8.6,4.6,0.0,-83.92,108.0
2009,9,2009-09,30,30,1,14.915,8.243,21.618,13.375,0.0,0,0,-773.5,447.45,30,4.7,5.1,0.0,-87.79,32.0
2009,10,2009-10,31,31,0,7.384,2.413,12.313,9.9,0.0,0,9,0.0,228.9,31,7.4,6.2,0.0,-66.09,75.25
2009,11,2009-11,30,30,0,4.783,-0.213,9.743,9.957,0.0,0,13,0.0,143.5,30,8.3,5.3,0.0,-75.02,33.0
2009,12,2009-12,31,31,0,-3.597,-6.771,-0.403,6.368,-125.9,25,13,-125.9,14.4,6,6.0,8.1,0.0,-38.02,58.5
2010,1,2010-01,31,31,1,-6.256,-9.568,-2.929,6.639,-198.45,28,10,-324.35,4.5,3,4.8,7.5,0.0,-28.66,20.75
2010,2,2010-02,28,28,0,-5.025,-8.346,-1.646,6.7,-140.7,28,7,-465.05,0.0,0,3.3,4.3,0.0,-29.74,14.5
2010,3,2010-03,31,31,0,2.81,-2.942,8.539,11.481,-18.2,8,26,-483.25,105.3,23,4.4,8.0,0.0,-36.81,47.0
2010,4,2010-04,30,30,1,9.135,1.967,16.23,14.263,0.0,0,9,-483.25,274.05,30,9.9,7.3,0.0,-67.98,57.7
2010,5,2010-05,31,31,0,14.01,7.365,20.597,13.232,0.0,0,3,-483.25,434.3,31,8.0,8.7,0.0,-81.8,67.1
2010,6,2010-06,30,30,2,17.767,12.527,23.055,10.528,0.0,0,0,-483.25,533.0,30,4.6,7.7,0.0,-82.39,130.7
2010,7,2010-07,31,31,2,21.206,14.718,27.708,12.99,0.0,0,0,-483.25,657.4,31,4.9,5.4,0.0,-98.55,129.3
2010,8,2010-08,31,31,2,20.326,13.718,26.868,13.15,0.0,0,0,-483.25,630.1,31,5.6,6.1,0.0,-83.92,27.7
2010,9,2010-09,30,30,1,14.617,9.28,20.037,10.757,0.0,0,0,-483.25,438.5,30,8.5,11.1,0.0,-87.79,112.6
2010,10,2010-10,31,31,1,8.805,3.216,14.395,11.179,0.0,0,5,0.0,272.95,31,6.7,5.7,0.0,-66.09,76.2
2010,11,2010-11,30,30,8,2.407,-3.152,7.887,11.038,-6.3,5,26,-6.3,78.5,25,8.4,5.45,0.0,-75.02,40.1
2010,12,2010-12,31,31,0,-5.206,-7.91,-2.474,5.435,-169.2,28,6,-175.5,7.8,3,8.2,6.8,0.0,-38.02,14.2
2011,1,2011-01,31,31,2,-8.703,-12.592,-4.761,7.831,-273.3,30,3,-448.8,3.5,1,11.6,8.4,0.0,-28.66,21.1
2011,2,2011-02,28,28,2,-6.343,-10.704,-1.943,8.761,-187.0,25,9,-635.8,9.4,3,8.0,13.9,0.0,-29.74,30.1
2011,3,2011-03,31,31,1,-2.085,-6.598,2.444,9.042,-94.7,20,17,-730.5,30.05,11,6.5,8.1,0.0,-36.81,82.8
2011,4,2011-04,30,30,5,6.008,0.43,11.542,11.112,0.0,0,15,-730.5,180.25,30,8.3,7.2,0.0,-67.98,73.05
2011,5,2011-05,31,31,1,13.516,8.6,18.253,9.653,0.0,0,0,-730.5,419.0,31,4.0,6.8,0.0,-81.8,160.0
2011,6,2011-06,30,30,0,17.103,10.757,23.42,12.663,0.0,0,0,-730.5,513.1,30,3.8,6.5,0.0,-82.39,66.0
2011,7,2011-07,31,31,1,22.194,14.755,29.577,14.823,0.0,0,0,-730.5,688.0,31,4.5,4.9,0.0,-98.55,19.65
2011,8,2011-08,31,31,3,19.829,12.916,26.687,13.771,0.0,0,0,-730.5,614.7,31,4.2,3.4,0.0,-83.92,71.75
2011,9,2011-09,30,30,2,15.42,9.585,21.192,11.607,0.0,0,0,-730.5,462.6,30,2.8,6.6,0.0,-87.79,103.05
2011,10,2011-10,31,31,0,8.971,3.616,14.284,10.668,0.0,0,7,0.0,278.1,31,5.3,4.5,0.0,-66.09,124.7
2011,11,2011-11,30,30,0,5.253,0.283,10.183,9.9,-3.4,3,15,-3.4,161.0,27,7.7,6.9,0.0,-75.02,110.6
2011,12,2011-12,31,31,0,-0.542,-4.1,3.013,7.113,-51.1,17,19,-54.5,34.3,13,6.7,6.8,0.0,-38.02,84.1
2012,1,2012-01,31,31,0,-3.203,-6.89,0.519,7.41,-117.0,23,15,-171.5,17.7,8,11.0,8.8,0.0,-28.66,41.9
2012,2,2012-02,29,29,0,-1.759,-5.234,1.752,6.986,-61.9,23,21,-233.4,10.9,6,5.4,6.0,0.0,-29.74,22.9
2012,3,2012-03,31,31,0,6.061,-0.542,12.648,13.19,-29.4,9,15,-262.8,217.3,22,14.0,10.7,0.0,-36.81,29.6
2012,4,2012-04,30,30,0,5.823,-0.797,12.383,13.18,0.0,0,19,-262.8,174.7,30,8.5,12.4,0.0,-67.98,29.3
2012,5,2012-05,31,31,1,15.197,7.481,22.821,15.34,0.0,0,0,-262.8,471.1,31,6.2,6.6,0.0,-81.8,16.05
2012,6,2012-06,30,30,0,18.637,12.037,25.167,13.13,0.0,0,0,-262.8,559.1,30,4.0,6.8,0.0,-82.39,111.35
2012,7,2012-07,31,31,2,22.061,13.982,30.085,16.103,0.0,0,0,-262.8,683.9,31,6.1,6.1,0.0,-98.55,33.85
2012,8,2012-08,31,31,1,19.218,11.835,26.556,14.721,0.0,0,0,-262.8,595.75,31,5.9,4.8,0.0,-83.92,62.65
2012,9,2012-09,30,30,0,14.367,7.597,21.09,13.493,0.0,0,0,-262.8,431.0,30,7.9,6.3,0.0,-87.79,104.65
2012,10,2012-10,31,31,0,8.994,4.135,13.787,9.652,0.0,0,4,0.0,278.8,31,12.8,6.4,0.0,-66.09,140.0
2012,11,2012-11,30,30,0,1.88,-2.493,6.24,8.733,-13.6,10,23,-13.6,70.0,20,5.8,8.3,0.0,-75.02,13.7
2012,12,2012-12,31,31,0,-0.242,-3.71,3.235,6.945,-49.6,20,17,-63.2,42.1,11,7.8,10.9,0.0,-38.02,80.1
2013,1,2013-01,31,31,0,-3.977,-8.268,0.339,8.606,-156.2,25,12,-219.4,32.9,6,10.2,10.8,0.0,-28.66,78.3
2013,2,2013-02,28,28,0,-6.925,-11.364,-2.436,8.929,-196.5,26,11,-415.9,2.6,2,12.8,5.9,0.0,-29.74,47.8
2013,3,2013-03,31,31,0,-1.742,-5.397,1.929,7.326,-85.0,19,16,-500.9,31.0,11,7.5,5.0,0.0,-36.81,26.1
2013,4,2013-04,30,30,1,5.172,-0.5,10.8,11.3,-10.0,6,15,-510.9,165.15,24,9.1,10.8,0.0,-67.98,106.05
2013,5,2013-05,31,31,0,13.726,6.719,20.671,13.952,0.0,0,1,-510.9,425.5,31,9.2,8.5,0.0,-81.8,69.25
2013,6,2013-06,30,30,3,17.588,12.01,22.89,10.88,0.0,0,0,-510.9,527.65,30,3.7,7.1,0.0,-82.39,142.25
2013,7,2013-07,31,31,1,20.329,14.548,26.055,11.506,0.0,0,0,-510.9,630.2,31,3.5,5.3,0.0,-98.55,137.6
2013,8,2013-08,31,31,0,18.303,11.448,25.119,13.671,0.0,0,0,-510.9,567.4,31,4.4,4.1,0.0,-83.92,57.85
2013,9,2013-09,30,30,1,14.342,7.408,21.232,13.823,0.0,0,1,-510.9,430.25,30,13.1,8.4,0.0,-87.79,71.55
2013,10,2013-10,31,31,1,9.634,4.031,15.202,11.171,0.0,0,4,0.0,298.65,31,5.4,5.4,0.0,-66.09,137.35
2013,11,2013-11,30,30,0,0.743,-3.507,4.987,8.493,-56.5,14,15,-56.5,78.8,16,7.1,8.4,0.0,-75.02,33.4
2013,12,2013-12,31,31,0,-5.461,-8.768,-2.123,6.645,-180.8,24,10,-237.3,11.5,6,8.2,8.7,0.0,-38.02,50.0
2014,1,2014-01,31,31,1,-9.713,-14.171,-5.406,8.765,-306.7,27,4,-544.0,5.6,4,11.1,10.1,0.0,-28.66,28.55
2014,2,2014-02,28,28,2,-11.675,-17.343,-5.968,11.375,-327.2,27,5,-871.2,0.3,1,7.5,8.7,0.0,-29.74,28.8
2014,3,2014-03,31,31,0,-6.419,-11.832,-1.0,10.832,-215.1,23,16,-1086.3,16.1,8,13.2,12.1,0.0,-36.81,14.0
2014,4,2014-04,30,30,2,4.745,-1.355,10.808,12.163,-8.0,4,20,-1094.3,150.35,26,6.7,13.6,0.0,-67.98,98.45
2014,5,2014-05,31,31,6,12.481,6.621,18.769,12.148,0.0,0,0,-1094.3,386.9,31,4.9,7.2,0.0,-81.8,34.8
2014,6,2014-06,30,30,0,18.233,10.857,25.54,14.683,0.0,0,0,-1094.3,547.0,30,5.6,6.9,0.0,-82.39,46.7
2014,7,2014-07,31,31,3,17.885,11.453,24.339,12.885,0.0,0,0,-1094.3,554.45,31,4.7,6.2,0.0,-98.55,157.25
2014,8,2014-08,31,31,4,17.819,11.263,24.324,13.061,0.0,0,0,-1094.3,552.4,31,5.7,6.7,0.0,-83.92,83.8
2014,9,2014-09,30,30,1,14.508,7.955,21.037,13.082,0.0,0,0,-1094.3,435.25,30,5.7,9.3,0.0,-87.79,177.3
2014,10,2014-10,31,31,2,9.382,4.384,14.171,9.787,0.0,0,7,0.0,290.85,31,8.3,10.0,0.0,-66.09,66.65
2014,11,2014-11,30,30,1,0.12,-3.705,3.942,7.647,-60.6,14,15,-60.6,64.2,16,8.0,6.0,0.0,-75.02,34.8
2014,12,2014-12,31,31,0,-1.277,-4.216,1.658,5.874,-68.0,18,13,-128.6,28.4,13,4.8,4.9,0.0,-38.02,17.6
2015,1,2015-01,31,31,2,-9.597,-14.674,-4.455,10.219,-297.5,31,2,-426.1,0.0,0,7.8,9.5,0.0,-28.66,21.5
2015,2,2015-02,28,28,0,-14.768,-20.239,-9.261,10.979,-413.5,28,0,-839.6,0.0,0,8.1,8.8,0.0,-29.74,9.15
2015,3,2015-03,31,31,6,-2.644,-7.445,2.134,9.579,-108.25,17,18,-947.85,26.3,14,10.9,10.1,0.0,-36.81,4.85
2015,4,2015-04,30,30,0,6.033,-0.27,12.317,12.587,-5.0,3,15,-952.85,186.0,27,7.5,5.1,0.0,-67.98,73.7
2015,5,2015-05,31,31,0,15.213,7.542,22.829,15.287,0.0,0,3,-952.85,471.6,31,8.0,11.1,0.0,-81.8,66.1
2015,6,2015-06,30,30,1,16.695,10.353,22.885,12.532,0.0,0,0,-952.85,500.85,30,5.3,5.8,0.0,-82.39,124.3
2015,7,2015-07,31,31,1,19.19,11.956,26.373,14.416,0.0,0,0,-952.85,594.9,31,6.3,4.0,0.0,-98.55,0.6
2015,8,2015-08,31,31,0,18.594,12.342,24.8,12.458,0.0,0,0,-952.85,576.4,31,5.9,4.3,0.0,-83.92,83.9
2015,9,2015-09,30,30,0,17.57,10.623,24.463,13.84,0.0,0,0,-952.85,527.1,30,5.3,7.7,0.0,-87.79,55.9
2015,10,2015-10,31,31,0,8.642,3.103,14.132,11.029,0.0,0,10,0.0,267.9,31,8.5,5.8,0.0,-66.09,92.0
2015,11,2015-11,30,30,0,4.963,-0.653,10.56,11.213,-17.1,5,14,-17.1,166.0,25,8.4,9.4,0.0,-75.02,49.5
2015,12,2015-12,31,31,1,2.819,-0.731,6.34,7.071,-11.8,6,16,-28.9,99.2,25,7.6,6.5,0.0,-38.02,57.4
2016,1,2016-01,31,31,0,-5.155,-8.968,-1.316,7.652,-169.3,26,10,-198.2,9.5,4,6.8,8.8,0.0,-28.66,27.8
2016,2,2016-02,29,29,0,-3.634,-8.317,1.079,9.397,-132.5,21,17,-330.7,27.1,8,13.5,9.2,0.0,-29.74,35.7
2016,3,2016-03,31,31,0,2.11,-2.765,6.977,9.742,-46.4,11,17,-377.1,111.8,20,10.9,6.0,0.0,-36.81,130.4
2016,4,2016-04,30,30,0,3.607,-2.61,9.807,12.417,-32.5,8,17,-409.6,140.7,22,8.8,6.0,0.0,-67.98,56.6
2016,5,2016-05,31,31,0,12.961,5.942,19.929,13.987,0.0,0,1,-409.6,401.8,31,5.8,8.9,0.0,-81.8,68.0
2016,6,2016-06,30,30,0,17.437,9.423,25.39,15.967,0.0,0,0,-409.6,523.1,30,8.6,9.2,0.0,-82.39,39.7
2016,7,2016-07,31,31,1,21.19,13.787,28.59,14.803,0.0,0,0,-409.6,656.9,31,5.2,4.6,0.0,-98.55,84.05
2016,8,2016-08,31,31,0,21.319,14.371,28.226,13.855,0.0,0,0,-409.6,660.9,31,4.5,6.1,0.0,-83.92,103.1
2016,9,2016-09,30,30,0,16.6,9.603,23.557,13.953,0.0,0,0,-409.6,498.0,30,4.2,6.6,0.0,-87.79,58.9
2016,10,2016-10,31,31,1,9.918,4.494,15.461,10.968,-0.6,1,11,-0.6,308.05,30,9.3,9.5,0.0,-66.09,37.0
2016,11,2016-11,30,30,0,5.06,-0.673,10.757,11.43,-8.8,4,17,-9.4,160.6,26,5.8,7.6,0.0,-75.02,59.0
2016,12,2016-12,31,31,0,-2.897,-5.597,-0.2,5.397,-104.3,22,11,-113.7,14.5,9,5.7,4.3,0.0,-38.02,56.0
2017,1,2017-01,31,31,1,-3.026,-6.158,0.123,6.281,-118.1,17,13,-231.8,24.3,14,8.6,8.9,0.0,-28.66,82.3
2017,2,2017-02,28,28,0,-1.211,-5.964,3.568,9.532,-83.6,17,17,-315.4,49.7,11,8.8,6.2,0.0,-29.74,56.4
2017,3,2017-03,31,31,0,-1.277,-5.655,3.11,8.765,-102.9,16,14,-418.3,63.3,15,12.0,8.7,0.0,-36.81,63.7
2017,4,2017-04,30,30,0,8.613,2.803,14.373,11.57,0.0,0,8,-418.3,258.4,30,7.8,10.0,0.0,-67.98,145.3
2017,5,2017-05,31,31,0,11.171,5.787,16.519,10.732,0.0,0,2,-418.3,346.3,31,6.1,10.2,0.0,-81.8,109.75
2017,6,2017-06,30,30,0,17.927,11.483,24.31,12.827,0.0,0,0,-418.3,537.8,30,5.0,4.7,0.0,-82.39,85.75
2017,7,2017-07,31,31,0,19.784,13.671,25.845,12.174,0.0,0,0,-418.3,613.3,31,5.4,4.6,0.0,-98.55,80.3
2017,8,2017-08,31,31,0,17.81,11.316,24.252,12.935,0.0,0,0,-418.3,552.1,31,3.4,5.9,0.0,-83.92,52.9
2017,9,2017-09,30,30,0,16.507,9.103,23.863,14.76,0.0,0,0,-418.3,495.2,30,4.8,8.3,0.0,-87.79,13.5
2017,10,2017-10,31,20,21,10.305,5.505,15.085,9.58,0.0,0,1,0.0,206.1,20,3.1,5.291,0.0,-66.09,15.8
2017,11,2017-11,30,30,0,2.0,-2.387,6.35,8.737,-19.2,5,22,-19.2,79.2,25,8.8,9.7,0.0,-75.02,75.9
2017,12,2017-12,31,31,0,-6.377,-10.416,-2.3,8.116,-212.6,25,10,-231.8,14.9,6,7.4,7.2,0.0,-38.02,21.2
2018,1,2018-01,31,31,0,-7.519,-12.342,-2.655,9.687,-246.5,27,10,-478.3,13.4,3,12.6,15.2,0.0,-28.66,59.8
2018,2,2018-02,28,28,0,-3.246,-8.021,1.532,9.554,-137.0,18,12,-615.3,46.1,10,10.9,8.5,0.0,-29.74,58.35
2018,3,2018-03,31,31,0,-1.068,-5.384,3.268,8.652,-52.5,23,23,-667.8,19.4,8,5.9,3.5,0.0,-36.81,29.3
2018,4,2018-04,30,30,0,2.173,-2.9,7.233,10.133,-20.4,12,25,-688.2,85.6,18,6.9,5.8,0.0,-67.98,96.9
2018,5,2018-05,31,31,0,15.977,8.565,23.348,14.784,0.0,0,0,-688.2,495.3,31,5.5,5.5,0.0,-81.8,72.3
2018,6,2018-06,30,30,0,18.017,11.263,24.717,13.453,0.0,0,0,-688.2,540.5,30,5.1,4.3,0.0,-82.39,64.5
2018,7,2018-07,31,31,0,20.765,13.326,28.145,14.819,0.0,0,0,-688.2,643.7,31,4.7,6.9,0.0,-98.55,72.1
2018,8,2018-08,31,31,0,20.816,14.671,26.9,12.229,0.0,0,0,-688.2,645.3,31,4.1,6.3,0.0,-83.92,92.3
2018,9,2018-09,30,30,0,17.053,11.04,23.017,11.977,0.0,0,0,-688.2,511.6,30,6.3,10.6,0.0,-87.79,51.5
2018,10,2018-10,31,31,0,7.923,2.974,12.832,9.858,0.0,0,9,0.0,245.6,31,10.0,8.0,0.0,-66.09,53.6
2018,11,2018-11,30,30,0,0.047,-2.87,2.97,5.84,-45.7,16,16,-45.7,47.1,14,9.1,5.5,0.0,-75.02,71.7
2018,12,2018-12,31,31,0,-1.381,-4.503,1.752,6.255,-61.1,21,15,-106.8,18.3,10,8.2,8.4,0.0,-38.02,59.2
2019,1,2019-01,31,31,0,-7.874,-12.429,-3.284,9.145,-250.8,27,7,-357.6,6.7,4,14.0,11.2,0.0,-28.66,27.8
2019,2,2019-02,28,28,0,-5.564,-10.275,-0.821,9.454,-170.3,23,11,-527.9,14.5,5,10.6,7.4,0.0,-29.74,44.2
2019,3,2019-03,31,31,0,-2.532,-7.335,2.294,9.629,-114.9,20,19,-642.8,36.4,11,10.6,8.2,0.0,-36.81,60.3
2019,4,2019-04,30,30,0,5.107,-0.183,10.347,10.53,-3.8,2,16,-646.6,157.0,28,9.0,5.3,0.0,-67.98,93.3
2019,5,2019-05,31,31,0,11.306,5.139,17.423,12.284,0.0,0,0,-646.6,350.5,31,8.4,7.5,0.0,-81.8,79.4
2019,6,2019-06,30,30,1,16.805,10.193,23.365,13.172,0.0,0,0,-646.6,504.15,30,4.5,6.5,0.0,-82.39,55.05
2019,7,2019-07,31,31,1,21.339,14.161,28.469,14.308,0.0,0,0,-646.6,661.5,31,5.2,8.2,0.0,-98.55,50.6
2019,8,2019-08,31,31,0,19.013,11.894,26.09,14.197,0.0,0,0,-646.6,589.4,31,5.9,6.1,0.0,-83.92,59.1
2019,9,2019-09,30,30,0,15.473,8.813,22.077,13.263,0.0,0,0,-646.6,464.2,30,7.1,8.5,0.0,-87.79,30.1
2019,10,2019-10,31,31,0,8.626,2.448,14.765,12.316,0.0,0,8,0.0,267.4,31,7.3,8.6,0.0,-66.09,132.5
2019,11,2019-11,30,30,0,-0.563,-4.39,3.25,7.64,-56.0,14,18,-56.0,39.1,16,4.6,6.8,0.0,-75.02,34.4
2019,12,2019-12,31,31,0,-2.1,-5.81,1.616,7.426,-90.0,21,14,-146.0,24.9,10,7.9,8.7,0.0,-38.02,44.1
2020,1,2020-01,31,31,0,-2.465,-5.842,0.932,6.774,-96.6,23,15,-242.6,20.2,8,9.1,9.5,0.0,-28.66,78.8
2020,2,2020-02,29,29,0,-4.897,-8.786,-0.976,7.81,-148.0,22,11,-390.6,6.0,6,10.7,9.5,0.0,-29.74,22.7
2020,3,2020-03,31,31,1,1.881,-3.121,6.863,9.984,-28.3,11,24,-418.9,86.6,20,9.6,9.5,0.0,-36.81,70.2
2020,4,2020-04,30,30,0,4.74,-1.253,10.677,11.93,-3.8,3,22,-422.7,146.0,27,5.3,5.4,0.0,-67.98,39.6
2020,5,2020-05,31,31,0,11.003,4.597,17.348,12.752,0.0,0,8,-422.7,341.1,31,4.4,7.2,0.0,-81.8,45.0
2020,6,2020-06,30,30,1,18.182,10.5,25.817,15.317,0.0,0,0,-422.7,545.45,30,6.2,7.9,0.0,-82.39,37.4
2020,7,2020-07,31,31,0,22.494,15.368,29.565,14.197,0.0,0,0,-422.7,697.3,31,3.8,4.4,0.0,-98.55,81.0
2020,8,2020-08,31,31,0,19.523,12.506,26.487,13.981,0.0,0,0,-422.7,605.2,31,5.8,6.1,0.0,-83.92,96.0
2020,9,2020-09,30,30,0,14.563,7.693,21.39,13.697,0.0,0,3,-422.7,436.9,30,8.3,8.3,0.0,-87.79,70.6
2020,10,2020-10,31,31,0,7.461,2.113,12.761,10.648,-3.7,2,8,-3.7,235.0,29,6.5,12.1,0.0,-66.09,64.2
2020,11,2020-11,30,30,1,5.1,-0.062,10.225,10.287,-9.6,5,16,-13.3,162.6,25,8.5,11.7,0.0,-75.02,62.2
2020,12,2020-12,31,31,0,-1.855,-5.132,1.445,6.577,-74.8,21,19,-88.1,17.3,10,6.2,7.3,0.0,-38.02,58.75
2021,1,2021-01,31,31,0,-4.165,-7.129,-1.168,5.961,-131.0,29,13,-219.1,1.9,2,5.6,4.7,0.0,-28.66,19.4
2021,2,2021-02,28,28,0,-7.893,-12.55,-3.2,9.35,-225.1,25,8,-444.2,4.1,3,11.2,6.0,0.0,-29.74,16.65
2021,3,2021-03,31,31,1,2.274,-4.379,8.915,13.294,-47.2,11,22,-491.4,117.7,20,8.1,7.2,0.0,-36.81,32.9
2021,4,2021-04,30,30,0,7.04,0.993,13.043,12.05,-4.8,3,14,-496.2,216.0,27,7.4,6.2,0.0,-67.98,61.65
2021,5,2021-05,31,31,0,11.626,4.21,18.99,14.781,0.0,0,4,-496.2,360.4,31,6.3,6.9,0.0,-81.8,30.5
2021,6,2021-06,30,30,1,20.028,13.668,26.342,12.673,0.0,0,0,-496.2,600.85,30,7.2,5.7,0.0,-82.39,136.4
2021,7,2021-07,31,31,1,19.173,13.295,24.982,11.687,0.0,0,0,-496.2,594.35,31,4.6,5.1,0.0,-98.55,82.4
2021,8,2021-08,31,31,0,20.987,14.058,27.874,13.816,0.0,0,0,-496.2,650.6,31,4.5,5.5,0.0,-83.92,49.9
2021,9,2021-09,30,30,0,15.397,8.8,21.957,13.157,0.0,0,0,-496.2,461.9,30,5.9,6.2,0.0,-87.79,177.8
2021,10,2021-10,31,31,0,12.284,8.081,16.445,8.365,0.0,0,1,0.0,380.8,31,7.6,7.4,0.0,-66.09,89.1
2021,11,2021-11,30,30,1,2.218,-2.422,6.835,9.257,-18.8,7,21,-18.8,85.35,23,6.7,5.4,0.0,-75.02,31.65
2021,12,2021-12,31,31,0,-0.058,-3.677,3.568,7.245,-48.9,16,20,-67.7,47.1,15,7.7,10.1,0.0,-38.02,52.3
2022,1,2022-01,31,31,0,-10.442,-16.223,-4.629,11.594,-323.7,31,6,-391.4,0.0,0,9.7,13.1,0.0,-28.66,15.4
2022,2,2022-02,28,28,0,-6.679,-11.932,-1.371,10.561,-190.3,27,12,-581.7,3.3,1,9.7,8.2,0.0,-29.74,25.85
2022,3,2022-03,31,31,1,-0.339,-5.279,4.626,9.905,-75.1,18,18,-656.8,64.6,13,10.4,9.1,0.0,-36.81,42.4
2022,4,2022-04,30,30,0,5.257,-0.49,10.983,11.473,-3.0,4,17,-659.8,160.7,26,7.7,9.5,0.0,-67.98,42.8
2022,5,2022-05,31,31,0,13.752,6.848,20.6,13.752,0.0,0,1,-659.8,426.3,31,6.9,9.3,0.0,-81.8,60.6
2022,6,2022-06,30,30,1,17.1,9.275,24.877,15.602,0.0,0,0,-659.8,513.0,30,7.0,6.2,0.0,-82.39,51.5
2022,7,2022-07,31,31,0,19.945,12.113,27.745,15.632,0.0,0,0,-659.8,618.3,31,3.3,7.4,0.0,-98.55,18.7
2022,8,2022-08,31,31,1,19.965,12.537,27.331,14.794,0.0,0,0,-659.8,618.9,31,4.2,4.8,0.0,-83.92,42.1
2022,9,2022-09,30,30,0,15.95,9.097,22.73,13.633,0.0,0,0,-659.8,478.5,30,5.4,9.0,0.0,-87.79,22.2
2022,10,2022-10,31,31,1,8.356,1.232,15.442,14.21,0.0,0,15,0.0,259.05,31,8.3,11.3,0.0,-66.09,41.3
2022,11,2022-11,30,30,0,3.763,-1.013,8.523,9.537,-23.1,9,15,-23.1,136.0,21,5.5,7.0,0.0,-75.02,28.3
2022,12,2022-12,31,31,0,-1.994,-5.042,1.065,6.106,-95.1,22,11,-118.2,33.3,9,5.7,6.5,0.0,-38.02,53.3
2023,1,2023-01,31,31,0,-2.3,-5.026,0.455,5.481,-85.7,20,13,-203.9,14.4,11,5.9,5.3,0.0,-28.66,49.4
2023,2,2023-02,28,28,1,-2.832,-7.53,1.864,9.395,-95.5,18,18,-299.4,16.2,10,12.3,10.2,0.0,-29.74,58.4
2023,3,2023-03,31,31,1,-0.832,-4.931,3.277,8.208,-57.4,19,23,-356.8,31.6,12,7.3,7.1,0.0,-36.81,71.65
2023,4,2023-04,30,30,3,7.802,1.48,14.078,12.598,-0.9,2,13,-357.7,234.95,28,6.4,8.2,0.0,-67.98,96.25
2023,5,2023-05,31,31,1,11.494,3.627,19.321,15.694,0.0,0,3,-357.7,356.3,31,5.8,6.5,0.0,-81.8,47.0
2023,6,2023-06,30,30,2,17.387,10.483,24.247,13.763,0.0,0,0,-357.7,521.6,30,5.6,6.4,0.0,-82.39,70.9
2023,7,2023-07,31,31,0,19.703,13.161,26.203,13.042,0.0,0,0,-357.7,610.8,31,2.7,6.5,0.0,-98.55,166.4
2023,8,2023-08,31,31,1,17.74,11.887,23.527,11.64,0.0,0,0,-357.7,549.95,31,5.4,7.4,0.0,-83.92,106.85
2023,9,2023-09,30,30,2,16.07,10.14,21.953,11.813,0.0,0,0,-357.7,482.1,30,6.1,5.4,0.0,-87.79,32.1
2023,10,2023-10,31,31,0,10.677,5.932,15.374,9.442,0.0,0,3,0.0,331.0,31,8.2,8.4,0.0,-66.09,49.3
2023,11,2023-11,30,30,0,2.08,-2.843,6.97,9.813,-20.7,9,21,-20.7,83.1,21,7.2,6.5,0.0,-75.02,41.1
2023,12,2023-12,31,31,0,1.848,-0.577,4.261,4.839,-13.8,11,17,-34.5,71.1,20,6.5,6.1,0.0,-38.02,67.3
2024,1,2024-01,31,31,0,-3.506,-5.903,-1.094,4.81,-118.9,21,14,-153.4,10.2,9,6.1,9.1,0.0,-28.66,82.4
2024,2,2024-02,29,29,0,-1.272,-6.421,3.897,10.317,-71.8,19,19,-225.2,34.9,10,8.5,10.6,0.0,-29.74,14.9
2024,3,2024-03,31,31,1,2.516,-2.36,7.394,9.753,-32.7,9,16,-257.9,110.7,21,5.5,6.8,0.0,-36.81,70.45
2024,4,2024-04,30,30,0,7.693,2.277,13.08,10.803,0.0,0,9,-257.9,230.8,30,8.5,7.1,0.0,-67.98,108.0
2024,5,2024-05,31,31,0,14.619,7.79,21.397,13.606,0.0,0,0,-257.9,453.2,31,5.0,3.2,0.0,-81.8,102.1
2024,6,2024-06,30,30,0,18.53,12.14,24.873,12.733,0.0,0,0,-257.9,555.9,30,7.5,5.8,0.0,-82.39,81.5
2024,7,2024-07,31,31,1,20.426,13.815,26.989,13.174,0.0,0,0,-257.9,633.2,31,5.9,4.1,0.0,-98.55,149.25
2024,8,2024-08,31,31,0,18.971,12.429,25.477,13.048,0.0,0,0,-257.9,588.1,31,3.9,7.6,0.0,-83.92,103.5
2024,9,2024-09,30,30,1,16.593,9.352,23.788,14.437,0.0,0,0,-257.9,497.8,30,4.1,6.1,0.0,-87.79,23.4
2024,10,2024-10,31,31,1,9.732,2.258,17.155,14.897,0.0,0,13,0.0,301.7,31,9.3,6.9,0.0,-66.09,32.0
2024,11,2024-11,30,30,3,5.078,0.823,9.29,8.467,-6.25,2,13,-6.25,158.6,27,9.0,5.7,0.0,-75.02,62.3
2024,12,2024-12,31,31,0,-2.268,-5.69,1.161,6.852,-104.1,20,10,-110.35,33.8,11,10.4,7.2,0.0,-38.02,67.4
2025,1,2025-01,31,31,0,-7.452,-11.184,-3.671,7.513,-231.2,30,8,-341.55,0.2,1,7.1,6.7,0.0,-28.66,10.4
2025,2,2025-02,28,28,1,-6.523,-10.014,-2.984,7.03,-187.05,24,6,-528.6,4.4,4,7.8,4.8,0.0,-29.74,78.6
2025,3,2025-03,31,31,0,1.371,-4.394,7.126,11.519,-40.6,11,26,-569.2,83.1,20,7.4,7.2,0.0,-36.81,61.0
2025,4,2025-04,30,30,0,6.6,-0.123,13.267,13.39,-5.0,2,14,-574.2,203.0,28,10.0,7.6,0.0,-67.98,68.2
2025,5,2025-05,31,31,0,11.881,6.145,17.558,11.413,0.0,0,2,-574.2,368.3,31,5.3,8.2,0.0,-81.8,97.2
2025,6,2025-06,30,30,2,19.103,12.86,25.28,12.42,0.0,0,0,-574.2,573.1,30,7.0,6.6,0.0,-82.39,72.9
2025,7,2025-07,31,31,1,21.165,13.919,28.366,14.447,0.0,0,0,-574.2,656.1,31,5.8,5.1,0.0,-98.55,62.7
2025,8,2025-08,31,31,0,18.855,11.813,25.839,14.026,0.0,0,0,-574.2,584.5,31,2.7,4.1,0.0,-83.92,44.0
2025,9,2025-09,30,30,4,16.085,8.325,23.79,15.465,0.0,0,0,-574.2,482.55,30,3.1,4.7,0.0,-87.79,94.2
2025,10,2025-10,31,31,2,9.494,3.077,15.852,12.774,0.0,0,8,0.0,294.3,31,11.5,8.4,0.0,-66.09,41.8
2025,11,2025-11,30,30,0,1.91,-2.23,6.027,8.257,-15.6,9,19,-15.6,72.9,20,5.5,5.8,0.0,-75.02,35.0
2025,12,2025-12,31,31,0,-6.348,-11.535,-1.116,10.419,-200.6,27,13,-216.2,3.8,4,9.3,8.2,0.0,-38.02,73.5
