material,month_str,year,month_num,break_count,km_primary,failure_rate,sin_month,cos_month,time_index
CI,1997-01,1997,1,16,151.272531414784,0.1057693677124273,0.49999999999999994,0.8660254037844387,0
CI,1997-02,1997,2,4,151.272531414784,0.026442341928106825,0.8660254037844386,0.5000000000000001,1
CI,1997-03,1997,3,4,151.272531414784,0.026442341928106825,1.0,6.123233995736766e-17,2
CI,1997-04,1997,4,4,151.272531414784,0.026442341928106825,0.8660254037844387,-0.4999999999999998,3
CI,1997-05,1997,5,0,151.272531414784,0.0,0.49999999999999994,-0.8660254037844387,4
CI,1997-06,1997,6,3,151.272531414784,0.01983175644608012,1.2246467991473532e-16,-1.0,5
CI,1997-07,1997,7,1,151.272531414784,0.006610585482026706,-0.4999999999999997,-0.8660254037844388,6
CI,1997-08,1997,8,0,151.272531414784,0.0,-0.8660254037844384,-0.5000000000000004,7
CI,1997-09,1997,9,1,151.272531414784,0.006610585482026706,-1.0,-1.8369701987210297e-16,8
CI,1997-10,1997,10,4,151.272531414784,0.026442341928106825,-0.8660254037844386,0.5000000000000001,9
CI,1997-11,1997,11,11,151.272531414784,0.07271644030229377,-0.5000000000000004,0.8660254037844384,10
CI,1997-12,1997,12,11,151.272531414784,0.07271644030229377,-2.4492935982947064e-16,1.0,11
CI,1998-01,1998,1,9,151.272531414784,0.05949526933824036,0.49999999999999994,0.8660254037844387,12
CI,1998-02,1998,2,4,151.272531414784,0.026442341928106825,0.8660254037844386,0.5000000000000001,13
CI,1998-03,1998,3,7,151.272531414784,0.046274098374186945,1.0,6.123233995736766e-17,14
CI,1998-04,1998,4,0,151.272531414784,0.0,0.8660254037844387,-0.4999999999999998,15
CI,1998-05,1998,5,0,151.272531414784,0.0,0.49999999999999994,-0.8660254037844387,16
CI,1998-06,1998,6,1,151.272531414784,0.006610585482026706,1.2246467991473532e-16,-1.0,17
CI,1998-07,1998,7,2,151.272531414784,0.013221170964053413,-0.4999999999999997,-0.8660254037844388,18
CI,1998-08,1998,8,0,151.272531414784,0.0,-0.8660254037844384,-0.5000000000000004,19
CI,1998-09,1998,9,0,151.272531414784,0.0,-1.0,-1.8369701987210297e-16,20
CI,1998-10,1998,10,3,151.272531414784,0.01983175644608012,-0.8660254037844386,0.5000000000000001,21
CI,1998-11,1998,11,14,151.272531414784,0.09254819674837389,-0.5000000000000004,0.8660254037844384,22
CI,1998-12,1998,12,10,151.272531414784,0.06610585482026707,-2.4492935982947064e-16,1.0,23
CI,1999-01,1999,1,22,151.272531414784,0.14543288060458753,0.49999999999999994,0.8660254037844387,24
CI,1999-02,1999,2,7,151.272531414784,0.046274098374186945,0.8660254037844386,0.5000000000000001,25
CI,1999-03,1999,3,2,151.272531414784,0.013221170964053413,1.0,6.123233995736766e-17,26
CI,1999-04,1999,4,4,151.272531414784,0.026442341928106825,0.8660254037844387,-0.4999999999999998,27
CI,1999-05,1999,5,4,151.272531414784,0.026442341928106825,0.49999999999999994,-0.8660254037844387,28
CI,1999-06,1999,6,1,151.272531414784,0.006610585482026706,1.2246467991473532e-16,-1.0,29
CI,1999-07,1999,7,2,151.272531414784,0.013221170964053413,-0.4999999999999997,-0.8660254037844388,30
CI,1999-08,1999,8,0,151.272531414784,0.0,-0.8660254037844384,-0.5000000000000004,31
CI,1999-09,1999,9,2,151.272531414784,0.013221170964053413,-1.0,-1.8369701987210297e-16,32
CI,1999-10,1999,10,7,151.272531414784,0.046274098374186945,-0.8660254037844386,0.5000000000000001,33
CI,1999-11,1999,11,5,151.272531414784,0.033052927410133534,-0.5000000000000004,0.8660254037844384,34
CI,1999-12,1999,12,5,151.272531414784,0.033052927410133534,-2.4492935982947064e-16,1.0,35
CI,2000-01,2000,1,16,151.272531414784,0.1057693677124273,0.49999999999999994,0.8660254037844387,36
CI,2000-02,2000,2,12,151.272531414784,0.07932702578432048,0.8660254037844386,0.5000000000000001,37
CI,2000-03,2000,3,1,151.272531414784,0.006610585482026706,1.0,6.123233995736766e-17,38
CI,2000-04,2000,4,2,151.272531414784,0.013221170964053413,0.8660254037844387,-0.4999999999999998,39
CI,2000-05,2000,5,3,151.272531414784,0.01983175644608012,0.49999999999999994,-0.8660254037844387,40
CI,2000-06,2000,6,0,151.272531414784,0.0,1.2246467991473532e-16,-1.0,41
CI,2000-07,2000,7,1,151.272531414784,0.006610585482026706,-0.4999999999999997,-0.8660254037844388,42
CI,2000-08,2000,8,0,151.272531414784,0.0,-0.8660254037844384,-0.5000000000000004,43
CI,2000-09,2000,9,0,151.272531414784,0.0,-1.0,-1.8369701987210297e-16,44
CI,2000-10,2000,10,9,151.272531414784,0.05949526933824036,-0.8660254037844386,0.5000000000000001,45
CI,2000-11,2000,11,6,151.272531414784,0.03966351289216024,-0.5000000000000004,0.8660254037844384,46
CI,2000-12,2000,12,10,151.272531414784,0.06610585482026707,-2.4492935982947064e-16,1.0,47
CI,2001-01,2001,1,8,151.272531414784,0.05288468385621365,0.49999999999999994,0.8660254037844387,48
CI,2001-02,2001,2,6,151.272531414784,0.03966351289216024,0.8660254037844386,0.5000000000000001,49
CI,2001-03,2001,3,4,151.272531414784,0.026442341928106825,1.0,6.123233995736766e-17,50
CI,2001-04,2001,4,0,151.272531414784,0.0,0.8660254037844387,-0.4999999999999998,51
CI,2001-05,2001,5,3,151.272531414784,0.01983175644608012,0.49999999999999994,-0.8660254037844387,52
CI,2001-06,2001,6,2,151.272531414784,0.013221170964053413,1.2246467991473532e-16,-1.0,53
CI,2001-07,2001,7,2,151.272531414784,0.013221170964053413,-0.4999999999999997,-0.8660254037844388,54
CI,2001-08,2001,8,1,151.272531414784,0.006610585482026706,-0.8660254037844384,-0.5000000000000004,55
CI,2001-09,2001,9,1,151.272531414784,0.006610585482026706,-1.0,-1.8369701987210297e-16,56
CI,2001-10,2001,10,4,151.272531414784,0.026442341928106825,-0.8660254037844386,0.5000000000000001,57
CI,2001-11,2001,11,5,151.272531414784,0.033052927410133534,-0.5000000000000004,0.8660254037844384,58
CI,2001-12,2001,12,9,151.272531414784,0.05949526933824036,-2.4492935982947064e-16,1.0,59
CI,2002-01,2002,1,10,151.272531414784,0.06610585482026707,0.49999999999999994,0.8660254037844387,60
CI,2002-02,2002,2,9,151.272531414784,0.05949526933824036,0.8660254037844386,0.5000000000000001,61
CI,2002-03,2002,3,3,151.272531414784,0.01983175644608012,1.0,6.123233995736766e-17,62
CI,2002-04,2002,4,1,151.272531414784,0.006610585482026706,0.8660254037844387,-0.4999999999999998,63
CI,2002-05,2002,5,1,151.272531414784,0.006610585482026706,0.49999999999999994,-0.8660254037844387,64
CI,2002-06,2002,6,0,151.272531414784,0.0,1.2246467991473532e-16,-1.0,65
CI,2002-07,2002,7,1,151.272531414784,0.006610585482026706,-0.4999999999999997,-0.8660254037844388,66
CI,2002-08,2002,8,2,151.272531414784,0.013221170964053413,-0.8660254037844384,-0.5000000000000004,67
CI,2002-09,2002,9,0,151.272531414784,0.0,-1.0,-1.8369701987210297e-16,68
CI,2002-10,2002,10,7,151.272531414784,0.046274098374186945,-0.8660254037844386,0.5000000000000001,69
CI,2002-11,2002,11,13,151.272531414784,0.08593761126634719,-0.5000000000000004,0.8660254037844384,70
CI,2002-12,2002,12,19,151.272531414784,0.12560112415850744,-2.4492935982947064e-16,1.0,71
CI,2003-01,2003,1,12,151.272531414784,0.07932702578432048,0.49999999999999994,0.8660254037844387,72
CI,2003-02,2003,2,22,151.272531414784,0.14543288060458753,0.8660254037844386,0.5000000000000001,73
CI,2003-03,2003,3,8,151.272531414784,0.05288468385621365,1.0,6.123233995736766e-17,74
CI,2003-04,2003,4,0,151.272531414784,0.0,0.8660254037844387,-0.4999999999999998,75
CI,2003-05,2003,5,2,151.272531414784,0.013221170964053413,0.49999999999999994,-0.8660254037844387,76
CI,2003-06,2003,6,2,151.272531414784,0.013221170964053413,1.2246467991473532e-16,-1.0,77
CI,2003-07,2003,7,1,151.272531414784,0.006610585482026706,-0.4999999999999997,-0.8660254037844388,78
CI,2003-08,2003,8,0,151.272531414784,0.0,-0.8660254037844384,-0.5000000000000004,79
CI,2003-09,2003,9,3,151.272531414784,0.01983175644608012,-1.0,-1.8369701987210297e-16,80
CI,2003-10,2003,10,5,151.272531414784,0.033052927410133534,-0.8660254037844386,0.5000000000000001,81
CI,2003-11,2003,11,6,151.272531414784,0.03966351289216024,-0.5000000000000004,0.8660254037844384,82
CI,2003-12,2003,12,12,151.272531414784,0.07932702578432048,-2.4492935982947064e-16,1.0,83
CI,2004-01,2004,1,8,151.272531414784,0.05288468385621365,0.49999999999999994,0.8660254037844387,84
CI,2004-02,2004,2,12,151.272531414784,0.07932702578432048,0.8660254037844386,0.5000000000000001,85
CI,2004-03,2004,3,4,151.272531414784,0.026442341928106825,1.0,6.123233995736766e-17,86
CI,2004-04,2004,4,2,151.272531414784,0.013221170964053413,0.8660254037844387,-0.4999999999999998,87
CI,2004-05,2004,5,0,151.272531414784,0.0,0.49999999999999994,-0.8660254037844387,88
CI,2004-06,2004,6,0,151.272531414784,0.0,1.2246467991473532e-16,-1.0,89
CI,2004-07,2004,7,2,151.272531414784,0.013221170964053413,-0.4999999999999997,-0.8660254037844388,90
CI,2004-08,2004,8,0,151.272531414784,0.0,-0.8660254037844384,-0.5000000000000004,91
CI,2004-09,2004,9,1,151.272531414784,0.006610585482026706,-1.0,-1.8369701987210297e-16,92
CI,2004-10,2004,10,1,151.272531414784,0.006610585482026706,-0.8660254037844386,0.5000000000000001,93
CI,2004-11,2004,11,8,151.272531414784,0.05288468385621365,-0.5000000000000004,0.8660254037844384,94
CI,2004-12,2004,12,7,151.272531414784,0.046274098374186945,-2.4492935982947064e-16,1.0,95
CI,2005-01,2005,1,15,151.272531414784,0.0991587822304006,0.49999999999999994,0.8660254037844387,96
CI,2005-02,2005,2,8,151.272531414784,0.05288468385621365,0.8660254037844386,0.5000000000000001,97
CI,2005-03,2005,3,5,151.272531414784,0.033052927410133534,1.0,6.123233995736766e-17,98
CI,2005-04,2005,4,2,151.272531414784,0.013221170964053413,0.8660254037844387,-0.4999999999999998,99
CI,2005-05,2005,5,1,151.272531414784,0.006610585482026706,0.49999999999999994,-0.8660254037844387,100
CI,2005-06,2005,6,1,151.272531414784,0.006610585482026706,1.2246467991473532e-16,-1.0,101
CI,2005-07,2005,7,0,151.272531414784,0.0,-0.4999999999999997,-0.8660254037844388,102
CI,2005-08,2005,8,0,151.272531414784,0.0,-0.8660254037844384,-0.5000000000000004,103
CI,2005-09,2005,9,0,151.272531414784,0.0,-1.0,-1.8369701987210297e-16,104
CI,2005-10,2005,10,2,151.272531414784,0.013221170964053413,-0.8660254037844386,0.5000000000000001,105
CI,2005-11,2005,11,4,151.272531414784,0.026442341928106825,-0.5000000000000004,0.8660254037844384,106
CI,2005-12,2005,12,8,151.272531414784,0.05288468385621365,-2.4492935982947064e-16,1.0,107
CI,2006-01,2006,1,3,151.272531414784,0.01983175644608012,0.49999999999999994,0.8660254037844387,108
CI,2006-02,2006,2,6,151.272531414784,0.03966351289216024,0.8660254037844386,0.5000000000000001,109
CI,2006-03,2006,3,5,151.272531414784,0.033052927410133534,1.0,6.123233995736766e-17,110
CI,2006-04,2006,4,2,151.272531414784,0.013221170964053413,0.8660254037844387,-0.4999999999999998,111
CI,2006-05,2006,5,3,151.272531414784,0.01983175644608012,0.49999999999999994,-0.8660254037844387,112
CI,2006-06,2006,6,4,151.272531414784,0.026442341928106825,1.2246467991473532e-16,-1.0,113
CI,2006-07,2006,7,0,151.272531414784,0.0,-0.4999999999999997,-0.8660254037844388,114
CI,2006-08,2006,8,1,151.272531414784,0.006610585482026706,-0.8660254037844384,-0.5000000000000004,115
CI,2006-09,2006,9,0,151.272531414784,0.0,-1.0,-1.8369701987210297e-16,116
CI,2006-10,2006,10,4,151.272531414784,0.026442341928106825,-0.8660254037844386,0.5000000000000001,117
CI,2006-11,2006,11,9,151.272531414784,0.05949526933824036,-0.5000000000000004,0.8660254037844384,118
CI,2006-12,2006,12,11,151.272531414784,0.07271644030229377,-2.4492935982947064e-16,1.0,119
CI,2007-01,2007,1,12,151.272531414784,0.07932702578432048,0.49999999999999994,0.8660254037844387,120
CI,2007-02,2007,2,16,151.272531414784,0.1057693677124273,0.8660254037844386,0.5000000000000001,121
CI,2007-03,2007,3,7,151.272531414784,0.046274098374186945,1.0,6.123233995736766e-17,122
CI,2007-04,2007,4,1,151.272531414784,0.006610585482026706,0.8660254037844387,-0.4999999999999998,123
CI,2007-05,2007,5,2,151.272531414784,0.013221170964053413,0.49999999999999994,-0.8660254037844387,124
CI,2007-06,2007,6,0,151.272531414784,0.0,1.2246467991473532e-16,-1.0,125
CI,2007-07,2007,7,1,151.272531414784,0.006610585482026706,-0.4999999999999997,-0.8660254037844388,126
CI,2007-08,2007,8,1,151.272531414784,0.006610585482026706,-0.8660254037844384,-0.5000000000000004,127
CI,2007-09,2007,9,1,151.272531414784,0.006610585482026706,-1.0,-1.8369701987210297e-16,128
CI,2007-10,2007,10,5,151.272531414784,0.033052927410133534,-0.8660254037844386,0.5000000000000001,129
CI,2007-11,2007,11,9,151.272531414784,0.05949526933824036,-0.5000000000000004,0.8660254037844384,130
CI,2007-12,2007,12,10,151.272531414784,0.06610585482026707,-2.4492935982947064e-16,1.0,131
CI,2008-01,2008,1,7,151.272531414784,0.046274098374186945,0.49999999999999994,0.8660254037844387,132
CI,2008-02,2008,2,6,151.272531414784,0.03966351289216024,0.8660254037844386,0.5000000000000001,133
CI,2008-03,2008,3,4,151.272531414784,0.026442341928106825,1.0,6.123233995736766e-17,134
CI,2008-04,2008,4,1,151.272531414784,0.006610585482026706,0.8660254037844387,-0.4999999999999998,135
CI,2008-05,2008,5,1,151.272531414784,0.006610585482026706,0.49999999999999994,-0.8660254037844387,136
CI,2008-06,2008,6,0,151.272531414784,0.0,1.2246467991473532e-16,-1.0,137
CI,2008-07,2008,7,0,151.272531414784,0.0,-0.4999999999999997,-0.8660254037844388,138
CI,2008-08,2008,8,1,151.272531414784,0.006610585482026706,-0.8660254037844384,-0.5000000000000004,139
CI,2008-09,2008,9,2,151.272531414784,0.013221170964053413,-1.0,-1.8369701987210297e-16,140
CI,2008-10,2008,10,3,151.272531414784,0.01983175644608012,-0.8660254037844386,0.5000000000000001,141
CI,2008-11,2008,11,2,151.272531414784,0.013221170964053413,-0.5000000000000004,0.8660254037844384,142
CI,2008-12,2008,12,8,151.272531414784,0.05288468385621365,-2.4492935982947064e-16,1.0,143
CI,2009-01,2009,1,11,151.272531414784,0.07271644030229377,0.49999999999999994,0.8660254037844387,144
CI,2009-02,2009,2,6,151.272531414784,0.03966351289216024,0.8660254037844386,0.5000000000000001,145
CI,2009-03,2009,3,6,151.272531414784,0.03966351289216024,1.0,6.123233995736766e-17,146
CI,2009-04,2009,4,1,151.272531414784,0.006610585482026706,0.8660254037844387,-0.4999999999999998,147
CI,2009-05,2009,5,2,151.272531414784,0.013221170964053413,0.49999999999999994,-0.8660254037844387,148
CI,2009-06,2009,6,1,151.272531414784,0.006610585482026706,1.2246467991473532e-16,-1.0,149
CI,2009-07,2009,7,1,151.272531414784,0.006610585482026706,-0.4999999999999997,-0.8660254037844388,150
CI,2009-08,2009,8,0,151.272531414784,0.0,-0.8660254037844384,-0.5000000000000004,151
CI,2009-09,2009,9,1,151.272531414784,0.006610585482026706,-1.0,-1.8369701987210297e-16,152
CI,2009-10,2009,10,1,151.272531414784,0.006610585482026706,-0.8660254037844386,0.5000000000000001,153
CI,2009-11,2009,11,5,151.272531414784,0.033052927410133534,-0.5000000000000004,0.8660254037844384,154
CI,2009-12,2009,12,14,151.272531414784,0.09254819674837389,-2.4492935982947064e-16,1.0,155
CI,2010-01,2010,1,12,151.272531414784,0.07932702578432048,0.49999999999999994,0.8660254037844387,156
CI,2010-02,2010,2,7,151.272531414784,0.046274098374186945,0.8660254037844386,0.5000000000000001,157
CI,2010-03,2010,3,3,151.272531414784,0.01983175644608012,1.0,6.123233995736766e-17,158
CI,2010-04,2010,4,2,151.272531414784,0.013221170964053413,0.8660254037844387,-0.4999999999999998,159
CI,2010-05,2010,5,3,151.272531414784,0.01983175644608012,0.49999999999999994,-0.8660254037844387,160
CI,2010-06,2010,6,1,151.272531414784,0.006610585482026706,1.2246467991473532e-16,-1.0,161
CI,2010-07,2010,7,2,151.272531414784,0.013221170964053413,-0.4999999999999997,-0.8660254037844388,162
CI,2010-08,2010,8,4,151.272531414784,0.026442341928106825,-0.8660254037844384,-0.5000000000000004,163
CI,2010-09,2010,9,2,151.272531414784,0.013221170964053413,-1.0,-1.8369701987210297e-16,164
CI,2010-10,2010,10,7,151.272531414784,0.046274098374186945,-0.8660254037844386,0.5000000000000001,165
CI,2010-11,2010,11,2,151.272531414784,0.013221170964053413,-0.5000000000000004,0.8660254037844384,166
CI,2010-12,2010,12,18,151.272531414784,0.11899053867648073,-2.4492935982947064e-16,1.0,167
CI,2011-01,2011,1,18,151.272531414784,0.11899053867648073,0.49999999999999994,0.8660254037844387,168
CI,2011-02,2011,2,14,151.272531414784,0.09254819674837389,0.8660254037844386,0.5000000000000001,169
CI,2011-03,2011,3,4,151.272531414784,0.026442341928106825,1.0,6.123233995736766e-17,170
CI,2011-04,2011,4,0,151.272531414784,0.0,0.8660254037844387,-0.4999999999999998,171
CI,2011-05,2011,5,0,151.272531414784,0.0,0.49999999999999994,-0.8660254037844387,172
CI,2011-06,2011,6,2,151.272531414784,0.013221170964053413,1.2246467991473532e-16,-1.0,173
CI,2011-07,2011,7,4,151.272531414784,0.026442341928106825,-0.4999999999999997,-0.8660254037844388,174
CI,2011-08,2011,8,0,151.272531414784,0.0,-0.8660254037844384,-0.5000000000000004,175
CI,2011-09,2011,9,3,151.272531414784,0.01983175644608012,-1.0,-1.8369701987210297e-16,176
CI,2011-10,2011,10,2,151.272531414784,0.013221170964053413,-0.8660254037844386,0.5000000000000001,177
CI,2011-11,2011,11,3,151.272531414784,0.01983175644608012,-0.5000000000000004,0.8660254037844384,178
CI,2011-12,2011,12,22,151.272531414784,0.14543288060458753,-2.4492935982947064e-16,1.0,179
CI,2012-01,2012,1,12,151.272531414784,0.07932702578432048,0.49999999999999994,0.8660254037844387,180
CI,2012-02,2012,2,2,151.272531414784,0.013221170964053413,0.8660254037844386,0.5000000000000001,181
CI,2012-03,2012,3,0,151.272531414784,0.0,1.0,6.123233995736766e-17,182
CI,2012-04,2012,4,0,151.272531414784,0.0,0.8660254037844387,-0.4999999999999998,183
CI,2012-05,2012,5,1,151.272531414784,0.006610585482026706,0.49999999999999994,-0.8660254037844387,184
CI,2012-06,2012,6,1,151.272531414784,0.006610585482026706,1.2246467991473532e-16,-1.0,185
CI,2012-07,2012,7,1,151.272531414784,0.006610585482026706,-0.4999999999999997,-0.8660254037844388,186
CI,2012-08,2012,8,1,151.272531414784,0.006610585482026706,-0.8660254037844384,-0.5000000000000004,187
CI,2012-09,2012,9,0,151.272531414784,0.0,-1.0,-1.8369701987210297e-16,188
CI,2012-10,2012,10,0,151.272531414784,0.0,-0.8660254037844386,0.5000000000000001,189
CI,2012-11,2012,11,3,151.272531414784,0.01983175644608012,-0.5000000000000004,0.8660254037844384,190
CI,2012-12,2012,12,13,151.272531414784,0.08593761126634719,-2.4492935982947064e-16,1.0,191
CI,2013-01,2013,1,11,151.272531414784,0.07271644030229377,0.49999999999999994,0.8660254037844387,192
CI,2013-02,2013,2,14,151.272531414784,0.09254819674837389,0.8660254037844386,0.5000000000000001,193
CI,2013-03,2013,3,10,151.272531414784,0.06610585482026707,1.0,6.123233995736766e-17,194
CI,2013-04,2013,4,0,151.272531414784,0.0,0.8660254037844387,-0.4999999999999998,195
CI,2013-05,2013,5,1,151.272531414784,0.006610585482026706,0.49999999999999994,-0.8660254037844387,196
CI,2013-06,2013,6,0,151.272531414784,0.0,1.2246467991473532e-16,-1.0,197
CI,2013-07,2013,7,4,151.272531414784,0.026442341928106825,-0.4999999999999997,-0.8660254037844388,198
CI,2013-08,2013,8,0,151.272531414784,0.0,-0.8660254037844384,-0.5000000000000004,199
CI,2013-09,2013,9,4,151.272531414784,0.026442341928106825,-1.0,-1.8369701987210297e-16,200
CI,2013-10,2013,10,2,151.272531414784,0.013221170964053413,-0.8660254037844386,0.5000000000000001,201
CI,2013-11,2013,11,9,151.272531414784,0.05949526933824036,-0.5000000000000004,0.8660254037844384,202
CI,2013-12,2013,12,10,151.272531414784,0.06610585482026707,-2.4492935982947064e-16,1.0,203
CI,2014-01,2014,1,23,151.272531414784,0.15204346608661426,0.49999999999999994,0.8660254037844387,204
CI,2014-02,2014,2,24,151.272531414784,0.15865405156864096,0.8660254037844386,0.5000000000000001,205
CI,2014-03,2014,3,10,151.272531414784,0.06610585482026707,1.0,6.123233995736766e-17,206
CI,2014-04,2014,4,2,151.272531414784,0.013221170964053413,0.8660254037844387,-0.4999999999999998,207
CI,2014-05,2014,5,2,151.272531414784,0.013221170964053413,0.49999999999999994,-0.8660254037844387,208
CI,2014-06,2014,6,0,151.272531414784,0.0,1.2246467991473532e-16,-1.0,209
CI,2014-07,2014,7,0,151.272531414784,0.0,-0.4999999999999997,-0.8660254037844388,210
CI,2014-08,2014,8,1,151.272531414784,0.006610585482026706,-0.8660254037844384,-0.5000000000000004,211
CI,2014-09,2014,9,4,151.272531414784,0.026442341928106825,-1.0,-1.8369701987210297e-16,212
CI,2014-10,2014,10,2,151.272531414784,0.013221170964053413,-0.8660254037844386,0.5000000000000001,213
CI,2014-11,2014,11,4,151.272531414784,0.026442341928106825,-0.5000000000000004,0.8660254037844384,214
CI,2014-12,2014,12,4,151.272531414784,0.026442341928106825,-2.4492935982947064e-16,1.0,215
CI,2015-01,2015,1,11,151.272531414784,0.07271644030229377,0.49999999999999994,0.8660254037844387,216
CI,2015-02,2015,2,19,151.272531414784,0.12560112415850744,0.8660254037844386,0.5000000000000001,217
CI,2015-03,2015,3,15,151.272531414784,0.0991587822304006,1.0,6.123233995736766e-17,218
CI,2015-04,2015,4,8,151.272531414784,0.05288468385621365,0.8660254037844387,-0.4999999999999998,219
CI,2015-05,2015,5,0,151.272531414784,0.0,0.49999999999999994,-0.8660254037844387,220
CI,2015-06,2015,6,1,151.272531414784,0.006610585482026706,1.2246467991473532e-16,-1.0,221
CI,2015-07,2015,7,2,151.272531414784,0.013221170964053413,-0.4999999999999997,-0.8660254037844388,222
CI,2015-08,2015,8,2,151.272531414784,0.013221170964053413,-0.8660254037844384,-0.5000000000000004,223
CI,2015-09,2015,9,0,151.272531414784,0.0,-1.0,-1.8369701987210297e-16,224
CI,2015-10,2015,10,1,151.272531414784,0.006610585482026706,-0.8660254037844386,0.5000000000000001,225
CI,2015-11,2015,11,4,151.272531414784,0.026442341928106825,-0.5000000000000004,0.8660254037844384,226
CI,2015-12,2015,12,6,151.272531414784,0.03966351289216024,-2.4492935982947064e-16,1.0,227
CI,2016-01,2016,1,16,151.272531414784,0.1057693677124273,0.49999999999999994,0.8660254037844387,228
CI,2016-02,2016,2,11,151.272531414784,0.07271644030229377,0.8660254037844386,0.5000000000000001,229
CI,2016-03,2016,3,2,151.272531414784,0.013221170964053413,1.0,6.123233995736766e-17,230
CI,2016-04,2016,4,1,151.272531414784,0.006610585482026706,0.8660254037844387,-0.4999999999999998,231
CI,2016-05,2016,5,0,151.272531414784,0.0,0.49999999999999994,-0.8660254037844387,232
CI,2016-06,2016,6,4,151.272531414784,0.026442341928106825,1.2246467991473532e-16,-1.0,233
CI,2016-07,2016,7,1,151.272531414784,0.006610585482026706,-0.4999999999999997,-0.8660254037844388,234
CI,2016-08,2016,8,0,151.272531414784,0.0,-0.8660254037844384,-0.5000000000000004,235
CI,2016-09,2016,9,2,151.272531414784,0.013221170964053413,-1.0,-1.8369701987210297e-16,236
CI,2016-10,2016,10,3,151.272531414784,0.01983175644608012,-0.8660254037844386,0.5000000000000001,237
CI,2016-11,2016,11,1,151.272531414784,0.006610585482026706,-0.5000000000000004,0.8660254037844384,238
CI,2016-12,2016,12,6,151.272531414784,0.03966351289216024,-2.4492935982947064e-16,1.0,239
CI,2017-01,2017,1,10,151.272531414784,0.06610585482026707,0.49999999999999994,0.8660254037844387,240
CI,2017-02,2017,2,7,151.272531414784,0.046274098374186945,0.8660254037844386,0.5000000000000001,241
CI,2017-03,2017,3,5,151.272531414784,0.033052927410133534,1.0,6.123233995736766e-17,242
CI,2017-04,2017,4,1,151.272531414784,0.006610585482026706,0.8660254037844387,-0.4999999999999998,243
CI,2017-05,2017,5,1,151.272531414784,0.006610585482026706,0.49999999999999994,-0.8660254037844387,244
CI,2017-06,2017,6,2,151.272531414784,0.013221170964053413,1.2246467991473532e-16,-1.0,245
CI,2017-07,2017,7,0,151.272531414784,0.0,-0.4999999999999997,-0.8660254037844388,246
CI,2017-08,2017,8,2,151.272531414784,0.013221170964053413,-0.8660254037844384,-0.5000000000000004,247
CI,2017-09,2017,9,0,151.272531414784,0.0,-1.0,-1.8369701987210297e-16,248
CI,2017-10,2017,10,0,151.272531414784,0.0,-0.8660254037844386,0.5000000000000001,249
CI,2017-11,2017,11,5,151.272531414784,0.033052927410133534,-0.5000000000000004,0.8660254037844384,250
CI,2017-12,2017,12,20,151.272531414784,0.13221170964053414,-2.4492935982947064e-16,1.0,251
CI,2018-01,2018,1,17,151.272531414784,0.11237995319445401,0.49999999999999994,0.8660254037844387,252
CI,2018-02,2018,2,5,151.272531414784,0.033052927410133534,0.8660254037844386,0.5000000000000001,253
CI,2018-03,2018,3,1,151.272531414784,0.006610585482026706,1.0,6.123233995736766e-17,254
CI,2018-04,2018,4,2,151.272531414784,0.013221170964053413,0.8660254037844387,-0.4999999999999998,255
CI,2018-05,2018,5,1,151.272531414784,0.006610585482026706,0.49999999999999994,-0.8660254037844387,256
CI,2018-06,2018,6,1,151.272531414784,0.006610585482026706,1.2246467991473532e-16,-1.0,257
CI,2018-07,2018,7,3,151.272531414784,0.01983175644608012,-0.4999999999999997,-0.8660254037844388,258
CI,2018-08,2018,8,1,151.272531414784,0.006610585482026706,-0.8660254037844384,-0.5000000000000004,259
CI,2018-09,2018,9,3,151.272531414784,0.01983175644608012,-1.0,-1.8369701987210297e-16,260
CI,2018-10,2018,10,2,151.272531414784,0.013221170964053413,-0.8660254037844386,0.5000000000000001,261
CI,2018-11,2018,11,8,151.272531414784,0.05288468385621365,-0.5000000000000004,0.8660254037844384,262
CI,2018-12,2018,12,10,151.272531414784,0.06610585482026707,-2.4492935982947064e-16,1.0,263
CI,2019-01,2019,1,9,151.272531414784,0.05949526933824036,0.49999999999999994,0.8660254037844387,264
CI,2019-02,2019,2,7,151.272531414784,0.046274098374186945,0.8660254037844386,0.5000000000000001,265
CI,2019-03,2019,3,6,151.272531414784,0.03966351289216024,1.0,6.123233995736766e-17,266
CI,2019-04,2019,4,3,151.272531414784,0.01983175644608012,0.8660254037844387,-0.4999999999999998,267
CI,2019-05,2019,5,3,151.272531414784,0.01983175644608012,0.49999999999999994,-0.8660254037844387,268
CI,2019-06,2019,6,0,151.272531414784,0.0,1.2246467991473532e-16,-1.0,269
CI,2019-07,2019,7,2,151.272531414784,0.013221170964053413,-0.4999999999999997,-0.8660254037844388,270
CI,2019-08,2019,8,3,151.272531414784,0.01983175644608012,-0.8660254037844384,-0.5000000000000004,271
CI,2019-09,2019,9,3,151.272531414784,0.01983175644608012,-1.0,-1.8369701987210297e-16,272
CI,2019-10,2019,10,1,151.272531414784,0.006610585482026706,-0.8660254037844386,0.5000000000000001,273
CI,2019-11,2019,11,5,151.272531414784,0.033052927410133534,-0.5000000000000004,0.8660254037844384,274
CI,2019-12,2019,12,11,151.272531414784,0.07271644030229377,-2.4492935982947064e-16,1.0,275
CI,2020-01,2020,1,7,151.272531414784,0.046274098374186945,0.49999999999999994,0.8660254037844387,276
CI,2020-02,2020,2,7,151.272531414784,0.046274098374186945,0.8660254037844386,0.5000000000000001,277
CI,2020-03,2020,3,3,151.272531414784,0.01983175644608012,1.0,6.123233995736766e-17,278
CI,2020-04,2020,4,0,151.272531414784,0.0,0.8660254037844387,-0.4999999999999998,279
CI,2020-05,2020,5,0,151.272531414784,0.0,0.49999999999999994,-0.8660254037844387,280
CI,2020-06,2020,6,2,151.272531414784,0.013221170964053413,1.2246467991473532e-16,-1.0,281
CI,2020-07,2020,7,3,151.272531414784,0.01983175644608012,-0.4999999999999997,-0.8660254037844388,282
CI,2020-08,2020,8,0,151.272531414784,0.0,-0.8660254037844384,-0.5000000000000004,283
CI,2020-09,2020,9,0,151.272531414784,0.0,-1.0,-1.8369701987210297e-16,284
CI,2020-10,2020,10,1,151.272531414784,0.006610585482026706,-0.8660254037844386,0.5000000000000001,285
CI,2020-11,2020,11,5,151.272531414784,0.033052927410133534,-0.5000000000000004,0.8660254037844384,286
CI,2020-12,2020,12,7,151.272531414784,0.046274098374186945,-2.4492935982947064e-16,1.0,287
CI,2021-01,2021,1,10,151.272531414784,0.06610585482026707,0.49999999999999994,0.8660254037844387,288
CI,2021-02,2021,2,18,151.272531414784,0.11899053867648073,0.8660254037844386,0.5000000000000001,289
CI,2021-03,2021,3,5,151.272531414784,0.033052927410133534,1.0,6.123233995736766e-17,290
CI,2021-04,2021,4,0,151.272531414784,0.0,0.8660254037844387,-0.4999999999999998,291
CI,2021-05,2021,5,0,151.272531414784,0.0,0.49999999999999994,-0.8660254037844387,292
CI,2021-06,2021,6,2,151.272531414784,0.013221170964053413,1.2246467991473532e-16,-1.0,293
CI,2021-07,2021,7,3,151.272531414784,0.01983175644608012,-0.4999999999999997,-0.8660254037844388,294
CI,2021-08,2021,8,4,151.272531414784,0.026442341928106825,-0.8660254037844384,-0.5000000000000004,295
CI,2021-09,2021,9,1,151.272531414784,0.006610585482026706,-1.0,-1.8369701987210297e-16,296
CI,2021-10,2021,10,1,151.272531414784,0.006610585482026706,-0.8660254037844386,0.5000000000000001,297
CI,2021-11,2021,11,1,151.272531414784,0.006610585482026706,-0.5000000000000004,0.8660254037844384,298
CI,2021-12,2021,12,5,151.272531414784,0.033052927410133534,-2.4492935982947064e-16,1.0,299
CI,2022-01,2022,1,10,151.272531414784,0.06610585482026707,0.49999999999999994,0.8660254037844387,300
CI,2022-02,2022,2,12,151.272531414784,0.07932702578432048,0.8660254037844386,0.5000000000000001,301
CI,2022-03,2022,3,8,151.272531414784,0.05288468385621365,1.0,6.123233995736766e-17,302
CI,2022-04,2022,4,1,151.272531414784,0.006610585482026706,0.8660254037844387,-0.4999999999999998,303
CI,2022-05,2022,5,1,151.272531414784,0.006610585482026706,0.49999999999999994,-0.8660254037844387,304
CI,2022-06,2022,6,2,151.272531414784,0.013221170964053413,1.2246467991473532e-16,-1.0,305
CI,2022-07,2022,7,3,151.272531414784,0.01983175644608012,-0.4999999999999997,-0.8660254037844388,306
CI,2022-08,2022,8,2,151.272531414784,0.013221170964053413,-0.8660254037844384,-0.5000000000000004,307
CI,2022-09,2022,9,0,151.272531414784,0.0,-1.0,-1.8369701987210297e-16,308
CI,2022-10,2022,10,2,151.272531414784,0.013221170964053413,-0.8660254037844386,0.5000000000000001,309
CI,2022-11,2022,11,3,151.272531414784,0.01983175644608012,-0.5000000000000004,0.8660254037844384,310
CI,2022-12,2022,12,6,151.272531414784,0.03966351289216024,-2.4492935982947064e-16,1.0,311
CI,2023-01,2023,1,6,151.272531414784,0.03966351289216024,0.49999999999999994,0.8660254037844387,312
CI,2023-02,2023,2,4,151.272531414784,0.026442341928106825,0.8660254037844386,0.5000000000000001,313
CI,2023-03,2023,3,3,151.272531414784,0.01983175644608012,1.0,6.123233995736766e-17,314
CI,2023-04,2023,4,0,151.272531414784,0.0,0.8660254037844387,-0.4999999999999998,315
CI,2023-05,2023,5,1,151.272531414784,0.006610585482026706,0.49999999999999994,-0.8660254037844387,316
CI,2023-06,2023,6,1,151.272531414784,0.006610585482026706,1.2246467991473532e-16,-1.0,317
CI,2023-07,2023,7,1,151.272531414784,0.006610585482026706,-0.4999999999999997,-0.8660254037844388,318
CI,2023-08,2023,8,0,151.272531414784,0.0,-0.8660254037844384,-0.5000000000000004,319
CI,2023-09,2023,9,1,151.272531414784,0.006610585482026706,-1.0,-1.8369701987210297e-16,320
CI,2023-10,2023,10,0,151.272531414784,0.0,-0.8660254037844386,0.5000000000000001,321
CI,2023-11,2023,11,1,151.272531414784,0.006610585482026706,-0.5000000000000004,0.8660254037844384,322
CI,2023-12,2023,12,2,151.272531414784,0.013221170964053413,-2.4492935982947064e-16,1.0,323
CI,2024-01,2024,1,7,151.272531414784,0.046274098374186945,0.49999999999999994,0.8660254037844387,324
CI,2024-02,2024,2,5,151.272531414784,0.033052927410133534,0.8660254037844386,0.5000000000000001,325
CI,2024-03,2024,3,0,151.272531414784,0.0,1.0,6.123233995736766e-17,326
CI,2024-04,2024,4,1,151.272531414784,0.006610585482026706,0.8660254037844387,-0.4999999999999998,327
CI,2024-05,2024,5,0,151.272531414784,0.0,0.49999999999999994,-0.8660254037844387,328
CI,2024-06,2024,6,2,151.272531414784,0.013221170964053413,1.2246467991473532e-16,-1.0,329
CI,2024-07,2024,7,2,151.272531414784,0.013221170964053413,-0.4999999999999997,-0.8660254037844388,330
CI,2024-08,2024,8,1,151.272531414784,0.006610585482026706,-0.8660254037844384,-0.5000000000000004,331
CI,2024-09,2024,9,2,151.272531414784,0.013221170964053413,-1.0,-1.8369701987210297e-16,332
CI,2024-10,2024,10,3,151.272531414784,0.01983175644608012,-0.8660254037844386,0.5000000000000001,333
CI,2024-11,2024,11,2,151.272531414784,0.013221170964053413,-0.5000000000000004,0.8660254037844384,334
CI,2024-12,2024,12,5,151.272531414784,0.033052927410133534,-2.4492935982947064e-16,1.0,335
CI,2025-01,2025,1,14,151.27607782526263,0.09254602711323101,0.49999999999999994,0.8660254037844387,336
CI,2025-02,2025,2,7,151.27607782526263,0.046273013556615505,0.8660254037844386,0.5000000000000001,337
CI,2025-03,2025,3,1,151.27607782526263,0.006610430508087929,1.0,6.123233995736766e-17,338
CI,2025-04,2025,4,1,151.27607782526263,0.006610430508087929,0.8660254037844387,-0.4999999999999998,339
CI,2025-05,2025,5,0,151.27607782526263,0.0,0.49999999999999994,-0.8660254037844387,340
CI,2025-06,2025,6,0,151.27607782526263,0.0,1.2246467991473532e-16,-1.0,341
CI,2025-07,2025,7,3,151.27607782526263,0.01983129152426379,-0.4999999999999997,-0.8660254037844388,342
CI,2025-08,2025,8,2,151.27607782526263,0.013220861016175858,-0.8660254037844384,-0.5000000000000004,343
CI,2025-09,2025,9,0,151.27607782526263,0.0,-1.0,-1.8369701987210297e-16,344
CI,2025-10,2025,10,0,151.27607782526263,0.0,-0.8660254037844386,0.5000000000000001,345
CI,2025-11,2025,11,4,151.27607782526263,0.026441722032351716,-0.5000000000000004,0.8660254037844384,346
CI,2025-12,2025,12,14,151.27607782526263,0.09254602711323101,-2.4492935982947064e-16,1.0,347
DI,1997-01,1997,1,2,315.82354955162504,0.006332649996618054,0.49999999999999994,0.8660254037844387,0
DI,1997-02,1997,2,2,315.82354955162504,0.006332649996618054,0.8660254037844386,0.5000000000000001,1
DI,1997-03,1997,3,1,315.82354955162504,0.003166324998309027,1.0,6.123233995736766e-17,2
DI,1997-04,1997,4,1,315.82354955162504,0.003166324998309027,0.8660254037844387,-0.4999999999999998,3
DI,1997-05,1997,5,1,315.82354955162504,0.003166324998309027,0.49999999999999994,-0.8660254037844387,4
DI,1997-06,1997,6,3,315.82354955162504,0.00949897499492708,1.2246467991473532e-16,-1.0,5
DI,1997-07,1997,7,0,315.82354955162504,0.0,-0.4999999999999997,-0.8660254037844388,6
DI,1997-08,1997,8,0,315.82354955162504,0.0,-0.8660254037844384,-0.5000000000000004,7
DI,1997-09,1997,9,2,315.82354955162504,0.006332649996618054,-1.0,-1.8369701987210297e-16,8
DI,1997-10,1997,10,0,315.82354955162504,0.0,-0.8660254037844386,0.5000000000000001,9
DI,1997-11,1997,11,0,315.82354955162504,0.0,-0.5000000000000004,0.8660254037844384,10
DI,1997-12,1997,12,0,315.82354955162504,0.0,-2.4492935982947064e-16,1.0,11
DI,1998-01,1998,1,0,316.33288688524806,0.0,0.49999999999999994,0.8660254037844387,12
DI,1998-02,1998,2,2,316.33288688524806,0.006322453601624777,0.8660254037844386,0.5000000000000001,13
DI,1998-03,1998,3,2,316.33288688524806,0.006322453601624777,1.0,6.123233995736766e-17,14
DI,1998-04,1998,4,0,316.33288688524806,0.0,0.8660254037844387,-0.4999999999999998,15
DI,1998-05,1998,5,4,316.33288688524806,0.012644907203249555,0.49999999999999994,-0.8660254037844387,16
DI,1998-06,1998,6,0,316.33288688524806,0.0,1.2246467991473532e-16,-1.0,17
DI,1998-07,1998,7,0,316.33288688524806,0.0,-0.4999999999999997,-0.8660254037844388,18
DI,1998-08,1998,8,5,316.33288688524806,0.015806134004061945,-0.8660254037844384,-0.5000000000000004,19
DI,1998-09,1998,9,4,316.33288688524806,0.012644907203249555,-1.0,-1.8369701987210297e-16,20
DI,1998-10,1998,10,1,316.33288688524806,0.0031612268008123887,-0.8660254037844386,0.5000000000000001,21
DI,1998-11,1998,11,1,316.33288688524806,0.0031612268008123887,-0.5000000000000004,0.8660254037844384,22
DI,1998-12,1998,12,2,316.33288688524806,0.006322453601624777,-2.4492935982947064e-16,1.0,23
DI,1999-01,1999,1,3,316.3658741427692,0.009482691545441983,0.49999999999999994,0.8660254037844387,24
DI,1999-02,1999,2,4,316.3658741427692,0.012643588727255977,0.8660254037844386,0.5000000000000001,25
DI,1999-03,1999,3,0,316.3658741427692,0.0,1.0,6.123233995736766e-17,26
DI,1999-04,1999,4,0,316.3658741427692,0.0,0.8660254037844387,-0.4999999999999998,27
DI,1999-05,1999,5,0,316.3658741427692,0.0,0.49999999999999994,-0.8660254037844387,28
DI,1999-06,1999,6,2,316.3658741427692,0.006321794363627988,1.2246467991473532e-16,-1.0,29
DI,1999-07,1999,7,6,316.3658741427692,0.018965383090883966,-0.4999999999999997,-0.8660254037844388,30
DI,1999-08,1999,8,4,316.3658741427692,0.012643588727255977,-0.8660254037844384,-0.5000000000000004,31
DI,1999-09,1999,9,0,316.3658741427692,0.0,-1.0,-1.8369701987210297e-16,32
DI,1999-10,1999,10,3,316.3658741427692,0.009482691545441983,-0.8660254037844386,0.5000000000000001,33
DI,1999-11,1999,11,2,316.3658741427692,0.006321794363627988,-0.5000000000000004,0.8660254037844384,34
DI,1999-12,1999,12,2,316.3658741427692,0.006321794363627988,-2.4492935982947064e-16,1.0,35
DI,2000-01,2000,1,4,317.56003497320376,0.012596043454704641,0.49999999999999994,0.8660254037844387,36
DI,2000-02,2000,2,3,317.56003497320376,0.00944703259102848,0.8660254037844386,0.5000000000000001,37
DI,2000-03,2000,3,0,317.56003497320376,0.0,1.0,6.123233995736766e-17,38
DI,2000-04,2000,4,0,317.56003497320376,0.0,0.8660254037844387,-0.4999999999999998,39
DI,2000-05,2000,5,2,317.56003497320376,0.006298021727352321,0.49999999999999994,-0.8660254037844387,40
DI,2000-06,2000,6,1,317.56003497320376,0.0031490108636761604,1.2246467991473532e-16,-1.0,41
DI,2000-07,2000,7,0,317.56003497320376,0.0,-0.4999999999999997,-0.8660254037844388,42
DI,2000-08,2000,8,2,317.56003497320376,0.006298021727352321,-0.8660254037844384,-0.5000000000000004,43
DI,2000-09,2000,9,3,317.56003497320376,0.00944703259102848,-1.0,-1.8369701987210297e-16,44
DI,2000-10,2000,10,3,317.56003497320376,0.00944703259102848,-0.8660254037844386,0.5000000000000001,45
DI,2000-11,2000,11,5,317.56003497320376,0.015745054318380802,-0.5000000000000004,0.8660254037844384,46
DI,2000-12,2000,12,2,317.56003497320376,0.006298021727352321,-2.4492935982947064e-16,1.0,47
DI,2001-01,2001,1,2,317.7363223938534,0.0062945274400226705,0.49999999999999994,0.8660254037844387,48
DI,2001-02,2001,2,2,317.7363223938534,0.0062945274400226705,0.8660254037844386,0.5000000000000001,49
DI,2001-03,2001,3,3,317.7363223938534,0.009441791160034005,1.0,6.123233995736766e-17,50
DI,2001-04,2001,4,1,317.7363223938534,0.0031472637200113352,0.8660254037844387,-0.4999999999999998,51
DI,2001-05,2001,5,1,317.7363223938534,0.0031472637200113352,0.49999999999999994,-0.8660254037844387,52
DI,2001-06,2001,6,3,317.7363223938534,0.009441791160034005,1.2246467991473532e-16,-1.0,53
DI,2001-07,2001,7,1,317.7363223938534,0.0031472637200113352,-0.4999999999999997,-0.8660254037844388,54
DI,2001-08,2001,8,3,317.7363223938534,0.009441791160034005,-0.8660254037844384,-0.5000000000000004,55
DI,2001-09,2001,9,0,317.7363223938534,0.0,-1.0,-1.8369701987210297e-16,56
DI,2001-10,2001,10,2,317.7363223938534,0.0062945274400226705,-0.8660254037844386,0.5000000000000001,57
DI,2001-11,2001,11,2,317.7363223938534,0.0062945274400226705,-0.5000000000000004,0.8660254037844384,58
DI,2001-12,2001,12,2,317.7363223938534,0.0062945274400226705,-2.4492935982947064e-16,1.0,59
DI,2002-01,2002,1,2,317.91209428786175,0.006291047229518259,0.49999999999999994,0.8660254037844387,60
DI,2002-02,2002,2,5,317.91209428786175,0.015727618073795645,0.8660254037844386,0.5000000000000001,61
DI,2002-03,2002,3,0,317.91209428786175,0.0,1.0,6.123233995736766e-17,62
DI,2002-04,2002,4,1,317.91209428786175,0.0031455236147591293,0.8660254037844387,-0.4999999999999998,63
DI,2002-05,2002,5,0,317.91209428786175,0.0,0.49999999999999994,-0.8660254037844387,64
DI,2002-06,2002,6,0,317.91209428786175,0.0,1.2246467991473532e-16,-1.0,65
DI,2002-07,2002,7,0,317.91209428786175,0.0,-0.4999999999999997,-0.8660254037844388,66
DI,2002-08,2002,8,1,317.91209428786175,0.0031455236147591293,-0.8660254037844384,-0.5000000000000004,67
DI,2002-09,2002,9,0,317.91209428786175,0.0,-1.0,-1.8369701987210297e-16,68
DI,2002-10,2002,10,2,317.91209428786175,0.006291047229518259,-0.8660254037844386,0.5000000000000001,69
DI,2002-11,2002,11,1,317.91209428786175,0.0031455236147591293,-0.5000000000000004,0.8660254037844384,70
DI,2002-12,2002,12,6,317.91209428786175,0.018873141688554775,-2.4492935982947064e-16,1.0,71
DI,2003-01,2003,1,4,317.9169481050784,0.01258190236110946,0.49999999999999994,0.8660254037844387,72
DI,2003-02,2003,2,3,317.9169481050784,0.009436426770832096,0.8660254037844386,0.5000000000000001,73
DI,2003-03,2003,3,3,317.9169481050784,0.009436426770832096,1.0,6.123233995736766e-17,74
DI,2003-04,2003,4,0,317.9169481050784,0.0,0.8660254037844387,-0.4999999999999998,75
DI,2003-05,2003,5,2,317.9169481050784,0.00629095118055473,0.49999999999999994,-0.8660254037844387,76
DI,2003-06,2003,6,0,317.9169481050784,0.0,1.2246467991473532e-16,-1.0,77
DI,2003-07,2003,7,0,317.9169481050784,0.0,-0.4999999999999997,-0.8660254037844388,78
DI,2003-08,2003,8,0,317.9169481050784,0.0,-0.8660254037844384,-0.5000000000000004,79
DI,2003-09,2003,9,2,317.9169481050784,0.00629095118055473,-1.0,-1.8369701987210297e-16,80
DI,2003-10,2003,10,2,317.9169481050784,0.00629095118055473,-0.8660254037844386,0.5000000000000001,81
DI,2003-11,2003,11,3,317.9169481050784,0.009436426770832096,-0.5000000000000004,0.8660254037844384,82
DI,2003-12,2003,12,2,317.9169481050784,0.00629095118055473,-2.4492935982947064e-16,1.0,83
DI,2004-01,2004,1,4,317.9695528326505,0.01257982081732595,0.49999999999999994,0.8660254037844387,84
DI,2004-02,2004,2,1,317.9695528326505,0.0031449552043314876,0.8660254037844386,0.5000000000000001,85
DI,2004-03,2004,3,1,317.9695528326505,0.0031449552043314876,1.0,6.123233995736766e-17,86
DI,2004-04,2004,4,0,317.9695528326505,0.0,0.8660254037844387,-0.4999999999999998,87
DI,2004-05,2004,5,3,317.9695528326505,0.009434865612994461,0.49999999999999994,-0.8660254037844387,88
DI,2004-06,2004,6,0,317.9695528326505,0.0,1.2246467991473532e-16,-1.0,89
DI,2004-07,2004,7,0,317.9695528326505,0.0,-0.4999999999999997,-0.8660254037844388,90
DI,2004-08,2004,8,0,317.9695528326505,0.0,-0.8660254037844384,-0.5000000000000004,91
DI,2004-09,2004,9,1,317.9695528326505,0.0031449552043314876,-1.0,-1.8369701987210297e-16,92
DI,2004-10,2004,10,1,317.9695528326505,0.0031449552043314876,-0.8660254037844386,0.5000000000000001,93
DI,2004-11,2004,11,2,317.9695528326505,0.006289910408662975,-0.5000000000000004,0.8660254037844384,94
DI,2004-12,2004,12,1,317.9695528326505,0.0031449552043314876,-2.4492935982947064e-16,1.0,95
DI,2005-01,2005,1,4,318.09175043145234,0.012574988174243726,0.49999999999999994,0.8660254037844387,96
DI,2005-02,2005,2,0,318.09175043145234,0.0,0.8660254037844386,0.5000000000000001,97
DI,2005-03,2005,3,2,318.09175043145234,0.006287494087121863,1.0,6.123233995736766e-17,98
DI,2005-04,2005,4,0,318.09175043145234,0.0,0.8660254037844387,-0.4999999999999998,99
DI,2005-05,2005,5,1,318.09175043145234,0.0031437470435609315,0.49999999999999994,-0.8660254037844387,100
DI,2005-06,2005,6,1,318.09175043145234,0.0031437470435609315,1.2246467991473532e-16,-1.0,101
DI,2005-07,2005,7,1,318.09175043145234,0.0031437470435609315,-0.4999999999999997,-0.8660254037844388,102
DI,2005-08,2005,8,2,318.09175043145234,0.006287494087121863,-0.8660254037844384,-0.5000000000000004,103
DI,2005-09,2005,9,2,318.09175043145234,0.006287494087121863,-1.0,-1.8369701987210297e-16,104
DI,2005-10,2005,10,4,318.09175043145234,0.012574988174243726,-0.8660254037844386,0.5000000000000001,105
DI,2005-11,2005,11,0,318.09175043145234,0.0,-0.5000000000000004,0.8660254037844384,106
DI,2005-12,2005,12,1,318.09175043145234,0.0031437470435609315,-2.4492935982947064e-16,1.0,107
DI,2006-01,2006,1,1,318.6830507750592,0.0031379139793218714,0.49999999999999994,0.8660254037844387,108
DI,2006-02,2006,2,0,318.6830507750592,0.0,0.8660254037844386,0.5000000000000001,109
DI,2006-03,2006,3,0,318.6830507750592,0.0,1.0,6.123233995736766e-17,110
DI,2006-04,2006,4,1,318.6830507750592,0.0031379139793218714,0.8660254037844387,-0.4999999999999998,111
DI,2006-05,2006,5,1,318.6830507750592,0.0031379139793218714,0.49999999999999994,-0.8660254037844387,112
DI,2006-06,2006,6,2,318.6830507750592,0.006275827958643743,1.2246467991473532e-16,-1.0,113
DI,2006-07,2006,7,1,318.6830507750592,0.0031379139793218714,-0.4999999999999997,-0.8660254037844388,114
DI,2006-08,2006,8,1,318.6830507750592,0.0031379139793218714,-0.8660254037844384,-0.5000000000000004,115
DI,2006-09,2006,9,0,318.6830507750592,0.0,-1.0,-1.8369701987210297e-16,116
DI,2006-10,2006,10,2,318.6830507750592,0.006275827958643743,-0.8660254037844386,0.5000000000000001,117
DI,2006-11,2006,11,0,318.6830507750592,0.0,-0.5000000000000004,0.8660254037844384,118
DI,2006-12,2006,12,2,318.6830507750592,0.006275827958643743,-2.4492935982947064e-16,1.0,119
DI,2007-01,2007,1,4,318.6830507750592,0.012551655917287486,0.49999999999999994,0.8660254037844387,120
DI,2007-02,2007,2,5,318.6830507750592,0.015689569896609357,0.8660254037844386,0.5000000000000001,121
DI,2007-03,2007,3,3,318.6830507750592,0.009413741937965615,1.0,6.123233995736766e-17,122
DI,2007-04,2007,4,1,318.6830507750592,0.0031379139793218714,0.8660254037844387,-0.4999999999999998,123
DI,2007-05,2007,5,0,318.6830507750592,0.0,0.49999999999999994,-0.8660254037844387,124
DI,2007-06,2007,6,3,318.6830507750592,0.009413741937965615,1.2246467991473532e-16,-1.0,125
DI,2007-07,2007,7,1,318.6830507750592,0.0031379139793218714,-0.4999999999999997,-0.8660254037844388,126
DI,2007-08,2007,8,1,318.6830507750592,0.0031379139793218714,-0.8660254037844384,-0.5000000000000004,127
DI,2007-09,2007,9,0,318.6830507750592,0.0,-1.0,-1.8369701987210297e-16,128
DI,2007-10,2007,10,0,318.6830507750592,0.0,-0.8660254037844386,0.5000000000000001,129
DI,2007-11,2007,11,0,318.6830507750592,0.0,-0.5000000000000004,0.8660254037844384,130
DI,2007-12,2007,12,0,318.6830507750592,0.0,-2.4492935982947064e-16,1.0,131
DI,2008-01,2008,1,2,318.6830507750592,0.006275827958643743,0.49999999999999994,0.8660254037844387,132
DI,2008-02,2008,2,2,318.6830507750592,0.006275827958643743,0.8660254037844386,0.5000000000000001,133
DI,2008-03,2008,3,1,318.6830507750592,0.0031379139793218714,1.0,6.123233995736766e-17,134
DI,2008-04,2008,4,3,318.6830507750592,0.009413741937965615,0.8660254037844387,-0.4999999999999998,135
DI,2008-05,2008,5,1,318.6830507750592,0.0031379139793218714,0.49999999999999994,-0.8660254037844387,136
DI,2008-06,2008,6,1,318.6830507750592,0.0031379139793218714,1.2246467991473532e-16,-1.0,137
DI,2008-07,2008,7,1,318.6830507750592,0.0031379139793218714,-0.4999999999999997,-0.8660254037844388,138
DI,2008-08,2008,8,1,318.6830507750592,0.0031379139793218714,-0.8660254037844384,-0.5000000000000004,139
DI,2008-09,2008,9,0,318.6830507750592,0.0,-1.0,-1.8369701987210297e-16,140
DI,2008-10,2008,10,2,318.6830507750592,0.006275827958643743,-0.8660254037844386,0.5000000000000001,141
DI,2008-11,2008,11,2,318.6830507750592,0.006275827958643743,-0.5000000000000004,0.8660254037844384,142
DI,2008-12,2008,12,7,318.6830507750592,0.0219653978552531,-2.4492935982947064e-16,1.0,143
DI,2009-01,2009,1,5,318.6928126843889,0.015689089307927537,0.49999999999999994,0.8660254037844387,144
DI,2009-02,2009,2,3,318.6928126843889,0.009413453584756523,0.8660254037844386,0.5000000000000001,145
DI,2009-03,2009,3,2,318.6928126843889,0.006275635723171015,1.0,6.123233995736766e-17,146
DI,2009-04,2009,4,0,318.6928126843889,0.0,0.8660254037844387,-0.4999999999999998,147
DI,2009-05,2009,5,1,318.6928126843889,0.0031378178615855076,0.49999999999999994,-0.8660254037844387,148
DI,2009-06,2009,6,2,318.6928126843889,0.006275635723171015,1.2246467991473532e-16,-1.0,149
DI,2009-07,2009,7,2,318.6928126843889,0.006275635723171015,-0.4999999999999997,-0.8660254037844388,150
DI,2009-08,2009,8,0,318.6928126843889,0.0,-0.8660254037844384,-0.5000000000000004,151
DI,2009-09,2009,9,1,318.6928126843889,0.0031378178615855076,-1.0,-1.8369701987210297e-16,152
DI,2009-10,2009,10,1,318.6928126843889,0.0031378178615855076,-0.8660254037844386,0.5000000000000001,153
DI,2009-11,2009,11,1,318.6928126843889,0.0031378178615855076,-0.5000000000000004,0.8660254037844384,154
DI,2009-12,2009,12,3,318.6928126843889,0.009413453584756523,-2.4492935982947064e-16,1.0,155
DI,2010-01,2010,1,1,318.90132388442987,0.003135766223292321,0.49999999999999994,0.8660254037844387,156
DI,2010-02,2010,2,4,318.90132388442987,0.012543064893169285,0.8660254037844386,0.5000000000000001,157
DI,2010-03,2010,3,1,318.90132388442987,0.003135766223292321,1.0,6.123233995736766e-17,158
DI,2010-04,2010,4,0,318.90132388442987,0.0,0.8660254037844387,-0.4999999999999998,159
DI,2010-05,2010,5,3,318.90132388442987,0.009407298669876964,0.49999999999999994,-0.8660254037844387,160
DI,2010-06,2010,6,1,318.90132388442987,0.003135766223292321,1.2246467991473532e-16,-1.0,161
DI,2010-07,2010,7,0,318.90132388442987,0.0,-0.4999999999999997,-0.8660254037844388,162
DI,2010-08,2010,8,1,318.90132388442987,0.003135766223292321,-0.8660254037844384,-0.5000000000000004,163
DI,2010-09,2010,9,0,318.90132388442987,0.0,-1.0,-1.8369701987210297e-16,164
DI,2010-10,2010,10,4,318.90132388442987,0.012543064893169285,-0.8660254037844386,0.5000000000000001,165
DI,2010-11,2010,11,0,318.90132388442987,0.0,-0.5000000000000004,0.8660254037844384,166
DI,2010-12,2010,12,1,318.90132388442987,0.003135766223292321,-2.4492935982947064e-16,1.0,167
DI,2011-01,2011,1,4,318.90132388442987,0.012543064893169285,0.49999999999999994,0.8660254037844387,168
DI,2011-02,2011,2,4,318.90132388442987,0.012543064893169285,0.8660254037844386,0.5000000000000001,169
DI,2011-03,2011,3,0,318.90132388442987,0.0,1.0,6.123233995736766e-17,170
DI,2011-04,2011,4,2,318.90132388442987,0.006271532446584642,0.8660254037844387,-0.4999999999999998,171
DI,2011-05,2011,5,0,318.90132388442987,0.0,0.49999999999999994,-0.8660254037844387,172
DI,2011-06,2011,6,2,318.90132388442987,0.006271532446584642,1.2246467991473532e-16,-1.0,173
DI,2011-07,2011,7,0,318.90132388442987,0.0,-0.4999999999999997,-0.8660254037844388,174
DI,2011-08,2011,8,0,318.90132388442987,0.0,-0.8660254037844384,-0.5000000000000004,175
DI,2011-09,2011,9,1,318.90132388442987,0.003135766223292321,-1.0,-1.8369701987210297e-16,176
DI,2011-10,2011,10,0,318.90132388442987,0.0,-0.8660254037844386,0.5000000000000001,177
DI,2011-11,2011,11,1,318.90132388442987,0.003135766223292321,-0.5000000000000004,0.8660254037844384,178
DI,2011-12,2011,12,9,318.90132388442987,0.028221896009630893,-2.4492935982947064e-16,1.0,179
DI,2012-01,2012,1,4,318.90132388442987,0.012543064893169285,0.49999999999999994,0.8660254037844387,180
DI,2012-02,2012,2,0,318.90132388442987,0.0,0.8660254037844386,0.5000000000000001,181
DI,2012-03,2012,3,0,318.90132388442987,0.0,1.0,6.123233995736766e-17,182
DI,2012-04,2012,4,0,318.90132388442987,0.0,0.8660254037844387,-0.4999999999999998,183
DI,2012-05,2012,5,0,318.90132388442987,0.0,0.49999999999999994,-0.8660254037844387,184
DI,2012-06,2012,6,1,318.90132388442987,0.003135766223292321,1.2246467991473532e-16,-1.0,185
DI,2012-07,2012,7,0,318.90132388442987,0.0,-0.4999999999999997,-0.8660254037844388,186
DI,2012-08,2012,8,1,318.90132388442987,0.003135766223292321,-0.8660254037844384,-0.5000000000000004,187
DI,2012-09,2012,9,0,318.90132388442987,0.0,-1.0,-1.8369701987210297e-16,188
DI,2012-10,2012,10,1,318.90132388442987,0.003135766223292321,-0.8660254037844386,0.5000000000000001,189
DI,2012-11,2012,11,3,318.90132388442987,0.009407298669876964,-0.5000000000000004,0.8660254037844384,190
DI,2012-12,2012,12,0,318.90132388442987,0.0,-2.4492935982947064e-16,1.0,191
DI,2013-01,2013,1,4,318.9268604504606,0.012542060566332657,0.49999999999999994,0.8660254037844387,192
DI,2013-02,2013,2,3,318.9268604504606,0.009406545424749493,0.8660254037844386,0.5000000000000001,193
DI,2013-03,2013,3,1,318.9268604504606,0.003135515141583164,1.0,6.123233995736766e-17,194
DI,2013-04,2013,4,0,318.9268604504606,0.0,0.8660254037844387,-0.4999999999999998,195
DI,2013-05,2013,5,1,318.9268604504606,0.003135515141583164,0.49999999999999994,-0.8660254037844387,196
DI,2013-06,2013,6,0,318.9268604504606,0.0,1.2246467991473532e-16,-1.0,197
DI,2013-07,2013,7,1,318.9268604504606,0.003135515141583164,-0.4999999999999997,-0.8660254037844388,198
DI,2013-08,2013,8,0,318.9268604504606,0.0,-0.8660254037844384,-0.5000000000000004,199
DI,2013-09,2013,9,1,318.9268604504606,0.003135515141583164,-1.0,-1.8369701987210297e-16,200
DI,2013-10,2013,10,0,318.9268604504606,0.0,-0.8660254037844386,0.5000000000000001,201
DI,2013-11,2013,11,2,318.9268604504606,0.006271030283166328,-0.5000000000000004,0.8660254037844384,202
DI,2013-12,2013,12,8,318.9268604504606,0.025084121132665314,-2.4492935982947064e-16,1.0,203
DI,2014-01,2014,1,6,318.9296998902539,0.01881292335603942,0.49999999999999994,0.8660254037844387,204
DI,2014-02,2014,2,8,318.9296998902539,0.025083897808052556,0.8660254037844386,0.5000000000000001,205
DI,2014-03,2014,3,2,318.9296998902539,0.006270974452013139,1.0,6.123233995736766e-17,206
DI,2014-04,2014,4,3,318.9296998902539,0.00940646167801971,0.8660254037844387,-0.4999999999999998,207
DI,2014-05,2014,5,2,318.9296998902539,0.006270974452013139,0.49999999999999994,-0.8660254037844387,208
DI,2014-06,2014,6,4,318.9296998902539,0.012541948904026278,1.2246467991473532e-16,-1.0,209
DI,2014-07,2014,7,1,318.9296998902539,0.0031354872260065695,-0.4999999999999997,-0.8660254037844388,210
DI,2014-08,2014,8,2,318.9296998902539,0.006270974452013139,-0.8660254037844384,-0.5000000000000004,211
DI,2014-09,2014,9,2,318.9296998902539,0.006270974452013139,-1.0,-1.8369701987210297e-16,212
DI,2014-10,2014,10,0,318.9296998902539,0.0,-0.8660254037844386,0.5000000000000001,213
DI,2014-11,2014,11,3,318.9296998902539,0.00940646167801971,-0.5000000000000004,0.8660254037844384,214
DI,2014-12,2014,12,1,318.9296998902539,0.0031354872260065695,-2.4492935982947064e-16,1.0,215
DI,2015-01,2015,1,6,319.03394473671705,0.018806776203552582,0.49999999999999994,0.8660254037844387,216
DI,2015-02,2015,2,5,319.03394473671705,0.015672313502960486,0.8660254037844386,0.5000000000000001,217
DI,2015-03,2015,3,10,319.03394473671705,0.03134462700592097,1.0,6.123233995736766e-17,218
DI,2015-04,2015,4,4,319.03394473671705,0.012537850802368388,0.8660254037844387,-0.4999999999999998,219
DI,2015-05,2015,5,0,319.03394473671705,0.0,0.49999999999999994,-0.8660254037844387,220
DI,2015-06,2015,6,1,319.03394473671705,0.003134462700592097,1.2246467991473532e-16,-1.0,221
DI,2015-07,2015,7,1,319.03394473671705,0.003134462700592097,-0.4999999999999997,-0.8660254037844388,222
DI,2015-08,2015,8,1,319.03394473671705,0.003134462700592097,-0.8660254037844384,-0.5000000000000004,223
DI,2015-09,2015,9,1,319.03394473671705,0.003134462700592097,-1.0,-1.8369701987210297e-16,224
DI,2015-10,2015,10,3,319.03394473671705,0.009403388101776291,-0.8660254037844386,0.5000000000000001,225
DI,2015-11,2015,11,4,319.03394473671705,0.012537850802368388,-0.5000000000000004,0.8660254037844384,226
DI,2015-12,2015,12,0,319.03394473671705,0.0,-2.4492935982947064e-16,1.0,227
DI,2016-01,2016,1,0,319.4683496068315,0.0,0.49999999999999994,0.8660254037844387,228
DI,2016-02,2016,2,2,319.4683496068315,0.006260401077168967,0.8660254037844386,0.5000000000000001,229
DI,2016-03,2016,3,0,319.4683496068315,0.0,1.0,6.123233995736766e-17,230
DI,2016-04,2016,4,0,319.4683496068315,0.0,0.8660254037844387,-0.4999999999999998,231
DI,2016-05,2016,5,0,319.4683496068315,0.0,0.49999999999999994,-0.8660254037844387,232
DI,2016-06,2016,6,3,319.4683496068315,0.00939060161575345,1.2246467991473532e-16,-1.0,233
DI,2016-07,2016,7,4,319.4683496068315,0.012520802154337934,-0.4999999999999997,-0.8660254037844388,234
DI,2016-08,2016,8,1,319.4683496068315,0.0031302005385844835,-0.8660254037844384,-0.5000000000000004,235
DI,2016-09,2016,9,0,319.4683496068315,0.0,-1.0,-1.8369701987210297e-16,236
DI,2016-10,2016,10,1,319.4683496068315,0.0031302005385844835,-0.8660254037844386,0.5000000000000001,237
DI,2016-11,2016,11,0,319.4683496068315,0.0,-0.5000000000000004,0.8660254037844384,238
DI,2016-12,2016,12,1,319.4683496068315,0.0031302005385844835,-2.4492935982947064e-16,1.0,239
DI,2017-01,2017,1,1,319.48824848967905,0.003130005578381405,0.49999999999999994,0.8660254037844387,240
DI,2017-02,2017,2,2,319.48824848967905,0.00626001115676281,0.8660254037844386,0.5000000000000001,241
DI,2017-03,2017,3,0,319.48824848967905,0.0,1.0,6.123233995736766e-17,242
DI,2017-04,2017,4,0,319.48824848967905,0.0,0.8660254037844387,-0.4999999999999998,243
DI,2017-05,2017,5,2,319.48824848967905,0.00626001115676281,0.49999999999999994,-0.8660254037844387,244
DI,2017-06,2017,6,2,319.48824848967905,0.00626001115676281,1.2246467991473532e-16,-1.0,245
DI,2017-07,2017,7,2,319.48824848967905,0.00626001115676281,-0.4999999999999997,-0.8660254037844388,246
DI,2017-08,2017,8,3,319.48824848967905,0.009390016735144216,-0.8660254037844384,-0.5000000000000004,247
DI,2017-09,2017,9,0,319.48824848967905,0.0,-1.0,-1.8369701987210297e-16,248
DI,2017-10,2017,10,2,319.48824848967905,0.00626001115676281,-0.8660254037844386,0.5000000000000001,249
DI,2017-11,2017,11,2,319.48824848967905,0.00626001115676281,-0.5000000000000004,0.8660254037844384,250
DI,2017-12,2017,12,1,319.48824848967905,0.003130005578381405,-2.4492935982947064e-16,1.0,251
DI,2018-01,2018,1,4,319.67554091011425,0.012512687047035332,0.49999999999999994,0.8660254037844387,252
DI,2018-02,2018,2,6,319.67554091011425,0.018769030570553,0.8660254037844386,0.5000000000000001,253
DI,2018-03,2018,3,1,319.67554091011425,0.003128171761758833,1.0,6.123233995736766e-17,254
DI,2018-04,2018,4,2,319.67554091011425,0.006256343523517666,0.8660254037844387,-0.4999999999999998,255
DI,2018-05,2018,5,0,319.67554091011425,0.0,0.49999999999999994,-0.8660254037844387,256
DI,2018-06,2018,6,0,319.67554091011425,0.0,1.2246467991473532e-16,-1.0,257
DI,2018-07,2018,7,4,319.67554091011425,0.012512687047035332,-0.4999999999999997,-0.8660254037844388,258
DI,2018-08,2018,8,1,319.67554091011425,0.003128171761758833,-0.8660254037844384,-0.5000000000000004,259
DI,2018-09,2018,9,1,319.67554091011425,0.003128171761758833,-1.0,-1.8369701987210297e-16,260
DI,2018-10,2018,10,1,319.67554091011425,0.003128171761758833,-0.8660254037844386,0.5000000000000001,261
DI,2018-11,2018,11,5,319.67554091011425,0.015640858808794164,-0.5000000000000004,0.8660254037844384,262
DI,2018-12,2018,12,1,319.67554091011425,0.003128171761758833,-2.4492935982947064e-16,1.0,263
DI,2019-01,2019,1,0,322.03211225232735,0.0,0.49999999999999994,0.8660254037844387,264
DI,2019-02,2019,2,3,322.03211225232735,0.00931584114086535,0.8660254037844386,0.5000000000000001,265
DI,2019-03,2019,3,2,322.03211225232735,0.0062105607605769005,1.0,6.123233995736766e-17,266
DI,2019-04,2019,4,0,322.03211225232735,0.0,0.8660254037844387,-0.4999999999999998,267
DI,2019-05,2019,5,2,322.03211225232735,0.0062105607605769005,0.49999999999999994,-0.8660254037844387,268
DI,2019-06,2019,6,3,322.03211225232735,0.00931584114086535,1.2246467991473532e-16,-1.0,269
DI,2019-07,2019,7,0,322.03211225232735,0.0,-0.4999999999999997,-0.8660254037844388,270
DI,2019-08,2019,8,0,322.03211225232735,0.0,-0.8660254037844384,-0.5000000000000004,271
DI,2019-09,2019,9,2,322.03211225232735,0.0062105607605769005,-1.0,-1.8369701987210297e-16,272
DI,2019-10,2019,10,2,322.03211225232735,0.0062105607605769005,-0.8660254037844386,0.5000000000000001,273
DI,2019-11,2019,11,3,322.03211225232735,0.00931584114086535,-0.5000000000000004,0.8660254037844384,274
DI,2019-12,2019,12,3,322.03211225232735,0.00931584114086535,-2.4492935982947064e-16,1.0,275
DI,2020-01,2020,1,2,322.04565161267175,0.006210299657780893,0.49999999999999994,0.8660254037844387,276
DI,2020-02,2020,2,2,322.04565161267175,0.006210299657780893,0.8660254037844386,0.5000000000000001,277
DI,2020-03,2020,3,0,322.04565161267175,0.0,1.0,6.123233995736766e-17,278
DI,2020-04,2020,4,0,322.04565161267175,0.0,0.8660254037844387,-0.4999999999999998,279
DI,2020-05,2020,5,2,322.04565161267175,0.006210299657780893,0.49999999999999994,-0.8660254037844387,280
DI,2020-06,2020,6,2,322.04565161267175,0.006210299657780893,1.2246467991473532e-16,-1.0,281
DI,2020-07,2020,7,3,322.04565161267175,0.009315449486671339,-0.4999999999999997,-0.8660254037844388,282
DI,2020-08,2020,8,1,322.04565161267175,0.0031051498288904465,-0.8660254037844384,-0.5000000000000004,283
DI,2020-09,2020,9,1,322.04565161267175,0.0031051498288904465,-1.0,-1.8369701987210297e-16,284
DI,2020-10,2020,10,4,322.04565161267175,0.012420599315561786,-0.8660254037844386,0.5000000000000001,285
DI,2020-11,2020,11,2,322.04565161267175,0.006210299657780893,-0.5000000000000004,0.8660254037844384,286
DI,2020-12,2020,12,4,322.04565161267175,0.012420599315561786,-2.4492935982947064e-16,1.0,287
DI,2021-01,2021,1,1,322.04565161267175,0.0031051498288904465,0.49999999999999994,0.8660254037844387,288
DI,2021-02,2021,2,5,322.04565161267175,0.015525749144452232,0.8660254037844386,0.5000000000000001,289
DI,2021-03,2021,3,3,322.04565161267175,0.009315449486671339,1.0,6.123233995736766e-17,290
DI,2021-04,2021,4,0,322.04565161267175,0.0,0.8660254037844387,-0.4999999999999998,291
DI,2021-05,2021,5,2,322.04565161267175,0.006210299657780893,0.49999999999999994,-0.8660254037844387,292
DI,2021-06,2021,6,0,322.04565161267175,0.0,1.2246467991473532e-16,-1.0,293
DI,2021-07,2021,7,2,322.04565161267175,0.006210299657780893,-0.4999999999999997,-0.8660254037844388,294
DI,2021-08,2021,8,3,322.04565161267175,0.009315449486671339,-0.8660254037844384,-0.5000000000000004,295
DI,2021-09,2021,9,2,322.04565161267175,0.006210299657780893,-1.0,-1.8369701987210297e-16,296
DI,2021-10,2021,10,0,322.04565161267175,0.0,-0.8660254037844386,0.5000000000000001,297
DI,2021-11,2021,11,2,322.04565161267175,0.006210299657780893,-0.5000000000000004,0.8660254037844384,298
DI,2021-12,2021,12,4,322.04565161267175,0.012420599315561786,-2.4492935982947064e-16,1.0,299
DI,2022-01,2022,1,9,322.04565161267175,0.02794634846001402,0.49999999999999994,0.8660254037844387,300
DI,2022-02,2022,2,3,322.04565161267175,0.009315449486671339,0.8660254037844386,0.5000000000000001,301
DI,2022-03,2022,3,3,322.04565161267175,0.009315449486671339,1.0,6.123233995736766e-17,302
DI,2022-04,2022,4,4,322.04565161267175,0.012420599315561786,0.8660254037844387,-0.4999999999999998,303
DI,2022-05,2022,5,4,322.04565161267175,0.012420599315561786,0.49999999999999994,-0.8660254037844387,304
DI,2022-06,2022,6,0,322.04565161267175,0.0,1.2246467991473532e-16,-1.0,305
DI,2022-07,2022,7,2,322.04565161267175,0.006210299657780893,-0.4999999999999997,-0.8660254037844388,306
DI,2022-08,2022,8,6,322.04565161267175,0.018630898973342677,-0.8660254037844384,-0.5000000000000004,307
DI,2022-09,2022,9,3,322.04565161267175,0.009315449486671339,-1.0,-1.8369701987210297e-16,308
DI,2022-10,2022,10,2,322.04565161267175,0.006210299657780893,-0.8660254037844386,0.5000000000000001,309
DI,2022-11,2022,11,1,322.04565161267175,0.0031051498288904465,-0.5000000000000004,0.8660254037844384,310
DI,2022-12,2022,12,2,322.04565161267175,0.006210299657780893,-2.4492935982947064e-16,1.0,311
DI,2023-01,2023,1,2,322.04565161267175,0.006210299657780893,0.49999999999999994,0.8660254037844387,312
DI,2023-02,2023,2,2,322.04565161267175,0.006210299657780893,0.8660254037844386,0.5000000000000001,313
DI,2023-03,2023,3,0,322.04565161267175,0.0,1.0,6.123233995736766e-17,314
DI,2023-04,2023,4,0,322.04565161267175,0.0,0.8660254037844387,-0.4999999999999998,315
DI,2023-05,2023,5,0,322.04565161267175,0.0,0.49999999999999994,-0.8660254037844387,316
DI,2023-06,2023,6,3,322.04565161267175,0.009315449486671339,1.2246467991473532e-16,-1.0,317
DI,2023-07,2023,7,2,322.04565161267175,0.006210299657780893,-0.4999999999999997,-0.8660254037844388,318
DI,2023-08,2023,8,1,322.04565161267175,0.0031051498288904465,-0.8660254037844384,-0.5000000000000004,319
DI,2023-09,2023,9,1,322.04565161267175,0.0031051498288904465,-1.0,-1.8369701987210297e-16,320
DI,2023-10,2023,10,1,322.04565161267175,0.0031051498288904465,-0.8660254037844386,0.5000000000000001,321
DI,2023-11,2023,11,4,322.04565161267175,0.012420599315561786,-0.5000000000000004,0.8660254037844384,322
DI,2023-12,2023,12,1,322.04565161267175,0.0031051498288904465,-2.4492935982947064e-16,1.0,323
DI,2024-01,2024,1,5,322.04565161267175,0.015525749144452232,0.49999999999999994,0.8660254037844387,324
DI,2024-02,2024,2,1,322.04565161267175,0.0031051498288904465,0.8660254037844386,0.5000000000000001,325
DI,2024-03,2024,3,0,322.04565161267175,0.0,1.0,6.123233995736766e-17,326
DI,2024-04,2024,4,1,322.04565161267175,0.0031051498288904465,0.8660254037844387,-0.4999999999999998,327
DI,2024-05,2024,5,0,322.04565161267175,0.0,0.49999999999999994,-0.8660254037844387,328
DI,2024-06,2024,6,1,322.04565161267175,0.0031051498288904465,1.2246467991473532e-16,-1.0,329
DI,2024-07,2024,7,1,322.04565161267175,0.0031051498288904465,-0.4999999999999997,-0.8660254037844388,330
DI,2024-08,2024,8,5,322.04565161267175,0.015525749144452232,-0.8660254037844384,-0.5000000000000004,331
DI,2024-09,2024,9,3,322.04565161267175,0.009315449486671339,-1.0,-1.8369701987210297e-16,332
DI,2024-10,2024,10,0,322.04565161267175,0.0,-0.8660254037844386,0.5000000000000001,333
DI,2024-11,2024,11,0,322.04565161267175,0.0,-0.5000000000000004,0.8660254037844384,334
DI,2024-12,2024,12,5,322.04565161267175,0.015525749144452232,-2.4492935982947064e-16,1.0,335
DI,2025-01,2025,1,2,322.04565161267175,0.006210299657780893,0.49999999999999994,0.8660254037844387,336
DI,2025-02,2025,2,1,322.04565161267175,0.0031051498288904465,0.8660254037844386,0.5000000000000001,337
DI,2025-03,2025,3,1,322.04565161267175,0.0031051498288904465,1.0,6.123233995736766e-17,338
DI,2025-04,2025,4,1,322.04565161267175,0.0031051498288904465,0.8660254037844387,-0.4999999999999998,339
DI,2025-05,2025,5,9,322.04565161267175,0.02794634846001402,0.49999999999999994,-0.8660254037844387,340
DI,2025-06,2025,6,1,322.04565161267175,0.0031051498288904465,1.2246467991473532e-16,-1.0,341
DI,2025-07,2025,7,2,322.04565161267175,0.006210299657780893,-0.4999999999999997,-0.8660254037844388,342
DI,2025-08,2025,8,1,322.04565161267175,0.0031051498288904465,-0.8660254037844384,-0.5000000000000004,343
DI,2025-09,2025,9,2,322.04565161267175,0.006210299657780893,-1.0,-1.8369701987210297e-16,344
DI,2025-10,2025,10,1,322.04565161267175,0.0031051498288904465,-0.8660254037844386,0.5000000000000001,345
DI,2025-11,2025,11,2,322.04565161267175,0.006210299657780893,-0.5000000000000004,0.8660254037844384,346
DI,2025-12,2025,12,6,322.04565161267175,0.018630898973342677,-2.4492935982947064e-16,1.0,347
PVC,1997-01,1997,1,2,40.45589246475711,0.0494365561640319,0.49999999999999994,0.8660254037844387,0
PVC,1997-02,1997,2,4,40.45589246475711,0.0988731123280638,0.8660254037844386,0.5000000000000001,1
PVC,1997-03,1997,3,0,40.45589246475711,0.0,1.0,6.123233995736766e-17,2
PVC,1997-04,1997,4,2,40.45589246475711,0.0494365561640319,0.8660254037844387,-0.4999999999999998,3
PVC,1997-05,1997,5,0,40.45589246475711,0.0,0.49999999999999994,-0.8660254037844387,4
PVC,1997-06,1997,6,0,40.45589246475711,0.0,1.2246467991473532e-16,-1.0,5
PVC,1997-07,1997,7,2,40.45589246475711,0.0494365561640319,-0.4999999999999997,-0.8660254037844388,6
PVC,1997-08,1997,8,1,40.45589246475711,0.02471827808201595,-0.8660254037844384,-0.5000000000000004,7
PVC,1997-09,1997,9,1,40.45589246475711,0.02471827808201595,-1.0,-1.8369701987210297e-16,8
PVC,1997-10,1997,10,0,40.45589246475711,0.0,-0.8660254037844386,0.5000000000000001,9
PVC,1997-11,1997,11,0,40.45589246475711,0.0,-0.5000000000000004,0.8660254037844384,10
PVC,1997-12,1997,12,2,40.45589246475711,0.0494365561640319,-2.4492935982947064e-16,1.0,11
PVC,1998-01,1998,1,4,50.04333460950991,0.07993072466517581,0.49999999999999994,0.8660254037844387,12
PVC,1998-02,1998,2,0,50.04333460950991,0.0,0.8660254037844386,0.5000000000000001,13
PVC,1998-03,1998,3,1,50.04333460950991,0.019982681166293953,1.0,6.123233995736766e-17,14
PVC,1998-04,1998,4,0,50.04333460950991,0.0,0.8660254037844387,-0.4999999999999998,15
PVC,1998-05,1998,5,0,50.04333460950991,0.0,0.49999999999999994,-0.8660254037844387,16
PVC,1998-06,1998,6,0,50.04333460950991,0.0,1.2246467991473532e-16,-1.0,17
PVC,1998-07,1998,7,0,50.04333460950991,0.0,-0.4999999999999997,-0.8660254037844388,18
PVC,1998-08,1998,8,4,50.04333460950991,0.07993072466517581,-0.8660254037844384,-0.5000000000000004,19
PVC,1998-09,1998,9,0,50.04333460950991,0.0,-1.0,-1.8369701987210297e-16,20
PVC,1998-10,1998,10,2,50.04333460950991,0.039965362332587906,-0.8660254037844386,0.5000000000000001,21
PVC,1998-11,1998,11,1,50.04333460950991,0.019982681166293953,-0.5000000000000004,0.8660254037844384,22
PVC,1998-12,1998,12,5,50.04333460950991,0.09991340583146975,-2.4492935982947064e-16,1.0,23
PVC,1999-01,1999,1,3,60.399070355539806,0.049669638660669216,0.49999999999999994,0.8660254037844387,24
PVC,1999-02,1999,2,5,60.399070355539806,0.08278273110111536,0.8660254037844386,0.5000000000000001,25
PVC,1999-03,1999,3,0,60.399070355539806,0.0,1.0,6.123233995736766e-17,26
PVC,1999-04,1999,4,1,60.399070355539806,0.016556546220223074,0.8660254037844387,-0.4999999999999998,27
PVC,1999-05,1999,5,1,60.399070355539806,0.016556546220223074,0.49999999999999994,-0.8660254037844387,28
PVC,1999-06,1999,6,0,60.399070355539806,0.0,1.2246467991473532e-16,-1.0,29
PVC,1999-07,1999,7,2,60.399070355539806,0.03311309244044615,-0.4999999999999997,-0.8660254037844388,30
PVC,1999-08,1999,8,0,60.399070355539806,0.0,-0.8660254037844384,-0.5000000000000004,31
PVC,1999-09,1999,9,0,60.399070355539806,0.0,-1.0,-1.8369701987210297e-16,32
PVC,1999-10,1999,10,2,60.399070355539806,0.03311309244044615,-0.8660254037844386,0.5000000000000001,33
PVC,1999-11,1999,11,1,60.399070355539806,0.016556546220223074,-0.5000000000000004,0.8660254037844384,34
PVC,1999-12,1999,12,3,60.399070355539806,0.049669638660669216,-2.4492935982947064e-16,1.0,35
PVC,2000-01,2000,1,3,74.29085181021057,0.040381822618806996,0.49999999999999994,0.8660254037844387,36
PVC,2000-02,2000,2,7,74.29085181021057,0.09422425277721633,0.8660254037844386,0.5000000000000001,37
PVC,2000-03,2000,3,2,74.29085181021057,0.026921215079204665,1.0,6.123233995736766e-17,38
PVC,2000-04,2000,4,0,74.29085181021057,0.0,0.8660254037844387,-0.4999999999999998,39
PVC,2000-05,2000,5,0,74.29085181021057,0.0,0.49999999999999994,-0.8660254037844387,40
PVC,2000-06,2000,6,1,74.29085181021057,0.013460607539602333,1.2246467991473532e-16,-1.0,41
PVC,2000-07,2000,7,0,74.29085181021057,0.0,-0.4999999999999997,-0.8660254037844388,42
PVC,2000-08,2000,8,2,74.29085181021057,0.026921215079204665,-0.8660254037844384,-0.5000000000000004,43
PVC,2000-09,2000,9,2,74.29085181021057,0.026921215079204665,-1.0,-1.8369701987210297e-16,44
PVC,2000-10,2000,10,0,74.29085181021057,0.0,-0.8660254037844386,0.5000000000000001,45
PVC,2000-11,2000,11,1,74.29085181021057,0.013460607539602333,-0.5000000000000004,0.8660254037844384,46
PVC,2000-12,2000,12,1,74.29085181021057,0.013460607539602333,-2.4492935982947064e-16,1.0,47
PVC,2001-01,2001,1,2,90.14206240408924,0.022187200366399328,0.49999999999999994,0.8660254037844387,48
PVC,2001-02,2001,2,6,90.14206240408924,0.06656160109919798,0.8660254037844386,0.5000000000000001,49
PVC,2001-03,2001,3,0,90.14206240408924,0.0,1.0,6.123233995736766e-17,50
PVC,2001-04,2001,4,0,90.14206240408924,0.0,0.8660254037844387,-0.4999999999999998,51
PVC,2001-05,2001,5,2,90.14206240408924,0.022187200366399328,0.49999999999999994,-0.8660254037844387,52
PVC,2001-06,2001,6,0,90.14206240408924,0.0,1.2246467991473532e-16,-1.0,53
PVC,2001-07,2001,7,4,90.14206240408924,0.044374400732798656,-0.4999999999999997,-0.8660254037844388,54
PVC,2001-08,2001,8,2,90.14206240408924,0.022187200366399328,-0.8660254037844384,-0.5000000000000004,55
PVC,2001-09,2001,9,0,90.14206240408924,0.0,-1.0,-1.8369701987210297e-16,56
PVC,2001-10,2001,10,4,90.14206240408924,0.044374400732798656,-0.8660254037844386,0.5000000000000001,57
PVC,2001-11,2001,11,3,90.14206240408924,0.03328080054959899,-0.5000000000000004,0.8660254037844384,58
PVC,2001-12,2001,12,0,90.14206240408924,0.0,-2.4492935982947064e-16,1.0,59
PVC,2002-01,2002,1,1,105.94155793780654,0.009439166456161184,0.49999999999999994,0.8660254037844387,60
PVC,2002-02,2002,2,0,105.94155793780654,0.0,0.8660254037844386,0.5000000000000001,61
PVC,2002-03,2002,3,1,105.94155793780654,0.009439166456161184,1.0,6.123233995736766e-17,62
PVC,2002-04,2002,4,0,105.94155793780654,0.0,0.8660254037844387,-0.4999999999999998,63
PVC,2002-05,2002,5,5,105.94155793780654,0.04719583228080591,0.49999999999999994,-0.8660254037844387,64
PVC,2002-06,2002,6,1,105.94155793780654,0.009439166456161184,1.2246467991473532e-16,-1.0,65
PVC,2002-07,2002,7,2,105.94155793780654,0.018878332912322368,-0.4999999999999997,-0.8660254037844388,66
PVC,2002-08,2002,8,1,105.94155793780654,0.009439166456161184,-0.8660254037844384,-0.5000000000000004,67
PVC,2002-09,2002,9,0,105.94155793780654,0.0,-1.0,-1.8369701987210297e-16,68
PVC,2002-10,2002,10,1,105.94155793780654,0.009439166456161184,-0.8660254037844386,0.5000000000000001,69
PVC,2002-11,2002,11,3,105.94155793780654,0.02831749936848355,-0.5000000000000004,0.8660254037844384,70
PVC,2002-12,2002,12,8,105.94155793780654,0.07551333164928947,-2.4492935982947064e-16,1.0,71
PVC,2003-01,2003,1,8,118.58941636695874,0.06745964559978179,0.49999999999999994,0.8660254037844387,72
PVC,2003-02,2003,2,9,118.58941636695874,0.07589210129975452,0.8660254037844386,0.5000000000000001,73
PVC,2003-03,2003,3,6,118.58941636695874,0.05059473419983635,1.0,6.123233995736766e-17,74
PVC,2003-04,2003,4,1,118.58941636695874,0.008432455699972724,0.8660254037844387,-0.4999999999999998,75
PVC,2003-05,2003,5,1,118.58941636695874,0.008432455699972724,0.49999999999999994,-0.8660254037844387,76
PVC,2003-06,2003,6,0,118.58941636695874,0.0,1.2246467991473532e-16,-1.0,77
PVC,2003-07,2003,7,1,118.58941636695874,0.008432455699972724,-0.4999999999999997,-0.8660254037844388,78
PVC,2003-08,2003,8,0,118.58941636695874,0.0,-0.8660254037844384,-0.5000000000000004,79
PVC,2003-09,2003,9,1,118.58941636695874,0.008432455699972724,-1.0,-1.8369701987210297e-16,80
PVC,2003-10,2003,10,0,118.58941636695874,0.0,-0.8660254037844386,0.5000000000000001,81
PVC,2003-11,2003,11,1,118.58941636695874,0.008432455699972724,-0.5000000000000004,0.8660254037844384,82
PVC,2003-12,2003,12,2,118.58941636695874,0.016864911399945448,-2.4492935982947064e-16,1.0,83
PVC,2004-01,2004,1,2,136.52844335832023,0.0146489621561932,0.49999999999999994,0.8660254037844387,84
PVC,2004-02,2004,2,5,136.52844335832023,0.036622405390483004,0.8660254037844386,0.5000000000000001,85
PVC,2004-03,2004,3,0,136.52844335832023,0.0,1.0,6.123233995736766e-17,86
PVC,2004-04,2004,4,0,136.52844335832023,0.0,0.8660254037844387,-0.4999999999999998,87
PVC,2004-05,2004,5,0,136.52844335832023,0.0,0.49999999999999994,-0.8660254037844387,88
PVC,2004-06,2004,6,1,136.52844335832023,0.0073244810780966,1.2246467991473532e-16,-1.0,89
PVC,2004-07,2004,7,0,136.52844335832023,0.0,-0.4999999999999997,-0.8660254037844388,90
PVC,2004-08,2004,8,1,136.52844335832023,0.0073244810780966,-0.8660254037844384,-0.5000000000000004,91
PVC,2004-09,2004,9,0,136.52844335832023,0.0,-1.0,-1.8369701987210297e-16,92
PVC,2004-10,2004,10,0,136.52844335832023,0.0,-0.8660254037844386,0.5000000000000001,93
PVC,2004-11,2004,11,1,136.52844335832023,0.0073244810780966,-0.5000000000000004,0.8660254037844384,94
PVC,2004-12,2004,12,3,136.52844335832023,0.0219734432342898,-2.4492935982947064e-16,1.0,95
PVC,2005-01,2005,1,3,157.635116684348,0.019031292411875875,0.49999999999999994,0.8660254037844387,96
PVC,2005-02,2005,2,3,157.635116684348,0.019031292411875875,0.8660254037844386,0.5000000000000001,97
PVC,2005-03,2005,3,7,157.635116684348,0.04440634896104371,1.0,6.123233995736766e-17,98
PVC,2005-04,2005,4,0,157.635116684348,0.0,0.8660254037844387,-0.4999999999999998,99
PVC,2005-05,2005,5,2,157.635116684348,0.012687528274583916,0.49999999999999994,-0.8660254037844387,100
PVC,2005-06,2005,6,0,157.635116684348,0.0,1.2246467991473532e-16,-1.0,101
PVC,2005-07,2005,7,1,157.635116684348,0.006343764137291958,-0.4999999999999997,-0.8660254037844388,102
PVC,2005-08,2005,8,1,157.635116684348,0.006343764137291958,-0.8660254037844384,-0.5000000000000004,103
PVC,2005-09,2005,9,1,157.635116684348,0.006343764137291958,-1.0,-1.8369701987210297e-16,104
PVC,2005-10,2005,10,0,157.635116684348,0.0,-0.8660254037844386,0.5000000000000001,105
PVC,2005-11,2005,11,0,157.635116684348,0.0,-0.5000000000000004,0.8660254037844384,106
PVC,2005-12,2005,12,4,157.635116684348,0.025375056549167833,-2.4492935982947064e-16,1.0,107
PVC,2006-01,2006,1,1,180.35744686703038,0.005544545109563766,0.49999999999999994,0.8660254037844387,108
PVC,2006-02,2006,2,0,180.35744686703038,0.0,0.8660254037844386,0.5000000000000001,109
PVC,2006-03,2006,3,0,180.35744686703038,0.0,1.0,6.123233995736766e-17,110
PVC,2006-04,2006,4,0,180.35744686703038,0.0,0.8660254037844387,-0.4999999999999998,111
PVC,2006-05,2006,5,0,180.35744686703038,0.0,0.49999999999999994,-0.8660254037844387,112
PVC,2006-06,2006,6,0,180.35744686703038,0.0,1.2246467991473532e-16,-1.0,113
PVC,2006-07,2006,7,0,180.35744686703038,0.0,-0.4999999999999997,-0.8660254037844388,114
PVC,2006-08,2006,8,0,180.35744686703038,0.0,-0.8660254037844384,-0.5000000000000004,115
PVC,2006-09,2006,9,0,180.35744686703038,0.0,-1.0,-1.8369701987210297e-16,116
PVC,2006-10,2006,10,0,180.35744686703038,0.0,-0.8660254037844386,0.5000000000000001,117
PVC,2006-11,2006,11,2,180.35744686703038,0.011089090219127531,-0.5000000000000004,0.8660254037844384,118
PVC,2006-12,2006,12,0,180.35744686703038,0.0,-2.4492935982947064e-16,1.0,119
PVC,2007-01,2007,1,4,190.7064100073707,0.020974648937313656,0.49999999999999994,0.8660254037844387,120
PVC,2007-02,2007,2,6,190.7064100073707,0.031461973405970484,0.8660254037844386,0.5000000000000001,121
PVC,2007-03,2007,3,5,190.7064100073707,0.02621831117164207,1.0,6.123233995736766e-17,122
PVC,2007-04,2007,4,2,190.7064100073707,0.010487324468656828,0.8660254037844387,-0.4999999999999998,123
PVC,2007-05,2007,5,0,190.7064100073707,0.0,0.49999999999999994,-0.8660254037844387,124
PVC,2007-06,2007,6,0,190.7064100073707,0.0,1.2246467991473532e-16,-1.0,125
PVC,2007-07,2007,7,1,190.7064100073707,0.005243662234328414,-0.4999999999999997,-0.8660254037844388,126
PVC,2007-08,2007,8,0,190.7064100073707,0.0,-0.8660254037844384,-0.5000000000000004,127
PVC,2007-09,2007,9,0,190.7064100073707,0.0,-1.0,-1.8369701987210297e-16,128
PVC,2007-10,2007,10,0,190.7064100073707,0.0,-0.8660254037844386,0.5000000000000001,129
PVC,2007-11,2007,11,1,190.7064100073707,0.005243662234328414,-0.5000000000000004,0.8660254037844384,130
PVC,2007-12,2007,12,0,190.7064100073707,0.0,-2.4492935982947064e-16,1.0,131
PVC,2008-01,2008,1,3,201.30484855892598,0.014902770705603943,0.49999999999999994,0.8660254037844387,132
PVC,2008-02,2008,2,3,201.30484855892598,0.014902770705603943,0.8660254037844386,0.5000000000000001,133
PVC,2008-03,2008,3,2,201.30484855892598,0.009935180470402628,1.0,6.123233995736766e-17,134
PVC,2008-04,2008,4,0,201.30484855892598,0.0,0.8660254037844387,-0.4999999999999998,135
PVC,2008-05,2008,5,0,201.30484855892598,0.0,0.49999999999999994,-0.8660254037844387,136
PVC,2008-06,2008,6,0,201.30484855892598,0.0,1.2246467991473532e-16,-1.0,137
PVC,2008-07,2008,7,0,201.30484855892598,0.0,-0.4999999999999997,-0.8660254037844388,138
PVC,2008-08,2008,8,0,201.30484855892598,0.0,-0.8660254037844384,-0.5000000000000004,139
PVC,2008-09,2008,9,0,201.30484855892598,0.0,-1.0,-1.8369701987210297e-16,140
PVC,2008-10,2008,10,0,201.30484855892598,0.0,-0.8660254037844386,0.5000000000000001,141
PVC,2008-11,2008,11,0,201.30484855892598,0.0,-0.5000000000000004,0.8660254037844384,142
PVC,2008-12,2008,12,4,201.30484855892598,0.019870360940805257,-2.4492935982947064e-16,1.0,143
PVC,2009-01,2009,1,6,211.4112851145478,0.02838069877276917,0.49999999999999994,0.8660254037844387,144
PVC,2009-02,2009,2,1,211.4112851145478,0.004730116462128195,0.8660254037844386,0.5000000000000001,145
PVC,2009-03,2009,3,1,211.4112851145478,0.004730116462128195,1.0,6.123233995736766e-17,146
PVC,2009-04,2009,4,0,211.4112851145478,0.0,0.8660254037844387,-0.4999999999999998,147
PVC,2009-05,2009,5,1,211.4112851145478,0.004730116462128195,0.49999999999999994,-0.8660254037844387,148
PVC,2009-06,2009,6,0,211.4112851145478,0.0,1.2246467991473532e-16,-1.0,149
PVC,2009-07,2009,7,1,211.4112851145478,0.004730116462128195,-0.4999999999999997,-0.8660254037844388,150
PVC,2009-08,2009,8,0,211.4112851145478,0.0,-0.8660254037844384,-0.5000000000000004,151
PVC,2009-09,2009,9,0,211.4112851145478,0.0,-1.0,-1.8369701987210297e-16,152
PVC,2009-10,2009,10,0,211.4112851145478,0.0,-0.8660254037844386,0.5000000000000001,153
PVC,2009-11,2009,11,1,211.4112851145478,0.004730116462128195,-0.5000000000000004,0.8660254037844384,154
PVC,2009-12,2009,12,0,211.4112851145478,0.0,-2.4492935982947064e-16,1.0,155
PVC,2010-01,2010,1,2,226.62029598664205,0.008825334868143886,0.49999999999999994,0.8660254037844387,156
PVC,2010-02,2010,2,2,226.62029598664205,0.008825334868143886,0.8660254037844386,0.5000000000000001,157
PVC,2010-03,2010,3,0,226.62029598664205,0.0,1.0,6.123233995736766e-17,158
PVC,2010-04,2010,4,2,226.62029598664205,0.008825334868143886,0.8660254037844387,-0.4999999999999998,159
PVC,2010-05,2010,5,1,226.62029598664205,0.004412667434071943,0.49999999999999994,-0.8660254037844387,160
PVC,2010-06,2010,6,1,226.62029598664205,0.004412667434071943,1.2246467991473532e-16,-1.0,161
PVC,2010-07,2010,7,1,226.62029598664205,0.004412667434071943,-0.4999999999999997,-0.8660254037844388,162
PVC,2010-08,2010,8,1,226.62029598664205,0.004412667434071943,-0.8660254037844384,-0.5000000000000004,163
PVC,2010-09,2010,9,0,226.62029598664205,0.0,-1.0,-1.8369701987210297e-16,164
PVC,2010-10,2010,10,0,226.62029598664205,0.0,-0.8660254037844386,0.5000000000000001,165
PVC,2010-11,2010,11,0,226.62029598664205,0.0,-0.5000000000000004,0.8660254037844384,166
PVC,2010-12,2010,12,3,226.62029598664205,0.01323800230221583,-2.4492935982947064e-16,1.0,167
PVC,2011-01,2011,1,5,240.84831465304526,0.020759954277457845,0.49999999999999994,0.8660254037844387,168
PVC,2011-02,2011,2,3,240.84831465304526,0.012455972566474707,0.8660254037844386,0.5000000000000001,169
PVC,2011-03,2011,3,1,240.84831465304526,0.004151990855491569,1.0,6.123233995736766e-17,170
PVC,2011-04,2011,4,0,240.84831465304526,0.0,0.8660254037844387,-0.4999999999999998,171
PVC,2011-05,2011,5,1,240.84831465304526,0.004151990855491569,0.49999999999999994,-0.8660254037844387,172
PVC,2011-06,2011,6,0,240.84831465304526,0.0,1.2246467991473532e-16,-1.0,173
PVC,2011-07,2011,7,0,240.84831465304526,0.0,-0.4999999999999997,-0.8660254037844388,174
PVC,2011-08,2011,8,0,240.84831465304526,0.0,-0.8660254037844384,-0.5000000000000004,175
PVC,2011-09,2011,9,0,240.84831465304526,0.0,-1.0,-1.8369701987210297e-16,176
PVC,2011-10,2011,10,0,240.84831465304526,0.0,-0.8660254037844386,0.5000000000000001,177
PVC,2011-11,2011,11,0,240.84831465304526,0.0,-0.5000000000000004,0.8660254037844384,178
PVC,2011-12,2011,12,13,240.84831465304526,0.053975881121390394,-2.4492935982947064e-16,1.0,179
PVC,2012-01,2012,1,0,245.97480803058403,0.0,0.49999999999999994,0.8660254037844387,180
PVC,2012-02,2012,2,1,245.97480803058403,0.004065456979137725,0.8660254037844386,0.5000000000000001,181
PVC,2012-03,2012,3,0,245.97480803058403,0.0,1.0,6.123233995736766e-17,182
PVC,2012-04,2012,4,0,245.97480803058403,0.0,0.8660254037844387,-0.4999999999999998,183
PVC,2012-05,2012,5,0,245.97480803058403,0.0,0.49999999999999994,-0.8660254037844387,184
PVC,2012-06,2012,6,0,245.97480803058403,0.0,1.2246467991473532e-16,-1.0,185
PVC,2012-07,2012,7,0,245.97480803058403,0.0,-0.4999999999999997,-0.8660254037844388,186
PVC,2012-08,2012,8,0,245.97480803058403,0.0,-0.8660254037844384,-0.5000000000000004,187
PVC,2012-09,2012,9,0,245.97480803058403,0.0,-1.0,-1.8369701987210297e-16,188
PVC,2012-10,2012,10,0,245.97480803058403,0.0,-0.8660254037844386,0.5000000000000001,189
PVC,2012-11,2012,11,1,245.97480803058403,0.004065456979137725,-0.5000000000000004,0.8660254037844384,190
PVC,2012-12,2012,12,0,245.97480803058403,0.0,-2.4492935982947064e-16,1.0,191
PVC,2013-01,2013,1,1,250.6540976861644,0.003989561747568422,0.49999999999999994,0.8660254037844387,192
PVC,2013-02,2013,2,2,250.6540976861644,0.007979123495136844,0.8660254037844386,0.5000000000000001,193
PVC,2013-03,2013,3,1,250.6540976861644,0.003989561747568422,1.0,6.123233995736766e-17,194
PVC,2013-04,2013,4,0,250.6540976861644,0.0,0.8660254037844387,-0.4999999999999998,195
PVC,2013-05,2013,5,0,250.6540976861644,0.0,0.49999999999999994,-0.8660254037844387,196
PVC,2013-06,2013,6,0,250.6540976861644,0.0,1.2246467991473532e-16,-1.0,197
PVC,2013-07,2013,7,0,250.6540976861644,0.0,-0.4999999999999997,-0.8660254037844388,198
PVC,2013-08,2013,8,0,250.6540976861644,0.0,-0.8660254037844384,-0.5000000000000004,199
PVC,2013-09,2013,9,0,250.6540976861644,0.0,-1.0,-1.8369701987210297e-16,200
PVC,2013-10,2013,10,1,250.6540976861644,0.003989561747568422,-0.8660254037844386,0.5000000000000001,201
PVC,2013-11,2013,11,2,250.6540976861644,0.007979123495136844,-0.5000000000000004,0.8660254037844384,202
PVC,2013-12,2013,12,4,250.6540976861644,0.01595824699027369,-2.4492935982947064e-16,1.0,203
PVC,2014-01,2014,1,1,258.7483472807624,0.0038647589849720703,0.49999999999999994,0.8660254037844387,204
PVC,2014-02,2014,2,5,258.7483472807624,0.01932379492486035,0.8660254037844386,0.5000000000000001,205
PVC,2014-03,2014,3,1,258.7483472807624,0.0038647589849720703,1.0,6.123233995736766e-17,206
PVC,2014-04,2014,4,0,258.7483472807624,0.0,0.8660254037844387,-0.4999999999999998,207
PVC,2014-05,2014,5,0,258.7483472807624,0.0,0.49999999999999994,-0.8660254037844387,208
PVC,2014-06,2014,6,0,258.7483472807624,0.0,1.2246467991473532e-16,-1.0,209
PVC,2014-07,2014,7,1,258.7483472807624,0.0038647589849720703,-0.4999999999999997,-0.8660254037844388,210
PVC,2014-08,2014,8,0,258.7483472807624,0.0,-0.8660254037844384,-0.5000000000000004,211
PVC,2014-09,2014,9,0,258.7483472807624,0.0,-1.0,-1.8369701987210297e-16,212
PVC,2014-10,2014,10,1,258.7483472807624,0.0038647589849720703,-0.8660254037844386,0.5000000000000001,213
PVC,2014-11,2014,11,1,258.7483472807624,0.0038647589849720703,-0.5000000000000004,0.8660254037844384,214
PVC,2014-12,2014,12,1,258.7483472807624,0.0038647589849720703,-2.4492935982947064e-16,1.0,215
PVC,2015-01,2015,1,1,271.9966451708608,0.003676515934127892,0.49999999999999994,0.8660254037844387,216
PVC,2015-02,2015,2,3,271.9966451708608,0.011029547802383676,0.8660254037844386,0.5000000000000001,217
PVC,2015-03,2015,3,3,271.9966451708608,0.011029547802383676,1.0,6.123233995736766e-17,218
PVC,2015-04,2015,4,1,271.9966451708608,0.003676515934127892,0.8660254037844387,-0.4999999999999998,219
PVC,2015-05,2015,5,1,271.9966451708608,0.003676515934127892,0.49999999999999994,-0.8660254037844387,220
PVC,2015-06,2015,6,0,271.9966451708608,0.0,1.2246467991473532e-16,-1.0,221
PVC,2015-07,2015,7,0,271.9966451708608,0.0,-0.4999999999999997,-0.8660254037844388,222
PVC,2015-08,2015,8,1,271.9966451708608,0.003676515934127892,-0.8660254037844384,-0.5000000000000004,223
PVC,2015-09,2015,9,1,271.9966451708608,0.003676515934127892,-1.0,-1.8369701987210297e-16,224
PVC,2015-10,2015,10,0,271.9966451708608,0.0,-0.8660254037844386,0.5000000000000001,225
PVC,2015-11,2015,11,1,271.9966451708608,0.003676515934127892,-0.5000000000000004,0.8660254037844384,226
PVC,2015-12,2015,12,1,271.9966451708608,0.003676515934127892,-2.4492935982947064e-16,1.0,227
PVC,2016-01,2016,1,0,280.99550201390366,0.0,0.49999999999999994,0.8660254037844387,228
PVC,2016-02,2016,2,0,280.99550201390366,0.0,0.8660254037844386,0.5000000000000001,229
PVC,2016-03,2016,3,1,280.99550201390366,0.0035587758267764725,1.0,6.123233995736766e-17,230
PVC,2016-04,2016,4,0,280.99550201390366,0.0,0.8660254037844387,-0.4999999999999998,231
PVC,2016-05,2016,5,0,280.99550201390366,0.0,0.49999999999999994,-0.8660254037844387,232
PVC,2016-06,2016,6,0,280.99550201390366,0.0,1.2246467991473532e-16,-1.0,233
PVC,2016-07,2016,7,0,280.99550201390366,0.0,-0.4999999999999997,-0.8660254037844388,234
PVC,2016-08,2016,8,0,280.99550201390366,0.0,-0.8660254037844384,-0.5000000000000004,235
PVC,2016-09,2016,9,0,280.99550201390366,0.0,-1.0,-1.8369701987210297e-16,236
PVC,2016-10,2016,10,0,280.99550201390366,0.0,-0.8660254037844386,0.5000000000000001,237
PVC,2016-11,2016,11,0,280.99550201390366,0.0,-0.5000000000000004,0.8660254037844384,238
PVC,2016-12,2016,12,1,280.99550201390366,0.0035587758267764725,-2.4492935982947064e-16,1.0,239
PVC,2017-01,2017,1,0,293.4322798335029,0.0,0.49999999999999994,0.8660254037844387,240
PVC,2017-02,2017,2,0,293.4322798335029,0.0,0.8660254037844386,0.5000000000000001,241
PVC,2017-03,2017,3,0,293.4322798335029,0.0,1.0,6.123233995736766e-17,242
PVC,2017-04,2017,4,0,293.4322798335029,0.0,0.8660254037844387,-0.4999999999999998,243
PVC,2017-05,2017,5,0,293.4322798335029,0.0,0.49999999999999994,-0.8660254037844387,244
PVC,2017-06,2017,6,2,293.4322798335029,0.006815882700890389,1.2246467991473532e-16,-1.0,245
PVC,2017-07,2017,7,1,293.4322798335029,0.0034079413504451944,-0.4999999999999997,-0.8660254037844388,246
PVC,2017-08,2017,8,0,293.4322798335029,0.0,-0.8660254037844384,-0.5000000000000004,247
PVC,2017-09,2017,9,0,293.4322798335029,0.0,-1.0,-1.8369701987210297e-16,248
PVC,2017-10,2017,10,0,293.4322798335029,0.0,-0.8660254037844386,0.5000000000000001,249
PVC,2017-11,2017,11,0,293.4322798335029,0.0,-0.5000000000000004,0.8660254037844384,250
PVC,2017-12,2017,12,0,293.4322798335029,0.0,-2.4492935982947064e-16,1.0,251
PVC,2018-01,2018,1,1,304.0428812260965,0.0032890097474650836,0.49999999999999994,0.8660254037844387,252
PVC,2018-02,2018,2,0,304.0428812260965,0.0,0.8660254037844386,0.5000000000000001,253
PVC,2018-03,2018,3,0,304.0428812260965,0.0,1.0,6.123233995736766e-17,254
PVC,2018-04,2018,4,0,304.0428812260965,0.0,0.8660254037844387,-0.4999999999999998,255
PVC,2018-05,2018,5,0,304.0428812260965,0.0,0.49999999999999994,-0.8660254037844387,256
PVC,2018-06,2018,6,1,304.0428812260965,0.0032890097474650836,1.2246467991473532e-16,-1.0,257
PVC,2018-07,2018,7,0,304.0428812260965,0.0,-0.4999999999999997,-0.8660254037844388,258
PVC,2018-08,2018,8,0,304.0428812260965,0.0,-0.8660254037844384,-0.5000000000000004,259
PVC,2018-09,2018,9,0,304.0428812260965,0.0,-1.0,-1.8369701987210297e-16,260
PVC,2018-10,2018,10,1,304.0428812260965,0.0032890097474650836,-0.8660254037844386,0.5000000000000001,261
PVC,2018-11,2018,11,0,304.0428812260965,0.0,-0.5000000000000004,0.8660254037844384,262
PVC,2018-12,2018,12,1,304.0428812260965,0.0032890097474650836,-2.4492935982947064e-16,1.0,263
PVC,2019-01,2019,1,0,328.73593186958686,0.0,0.49999999999999994,0.8660254037844387,264
PVC,2019-02,2019,2,0,328.73593186958686,0.0,0.8660254037844386,0.5000000000000001,265
PVC,2019-03,2019,3,0,328.73593186958686,0.0,1.0,6.123233995736766e-17,266
PVC,2019-04,2019,4,2,328.73593186958686,0.006083910537633051,0.8660254037844387,-0.4999999999999998,267
PVC,2019-05,2019,5,0,328.73593186958686,0.0,0.49999999999999994,-0.8660254037844387,268
PVC,2019-06,2019,6,0,328.73593186958686,0.0,1.2246467991473532e-16,-1.0,269
PVC,2019-07,2019,7,0,328.73593186958686,0.0,-0.4999999999999997,-0.8660254037844388,270
PVC,2019-08,2019,8,1,328.73593186958686,0.0030419552688165253,-0.8660254037844384,-0.5000000000000004,271
PVC,2019-09,2019,9,0,328.73593186958686,0.0,-1.0,-1.8369701987210297e-16,272
PVC,2019-10,2019,10,1,328.73593186958686,0.0030419552688165253,-0.8660254037844386,0.5000000000000001,273
PVC,2019-11,2019,11,0,328.73593186958686,0.0,-0.5000000000000004,0.8660254037844384,274
PVC,2019-12,2019,12,0,328.73593186958686,0.0,-2.4492935982947064e-16,1.0,275
PVC,2020-01,2020,1,0,342.0433694524867,0.0,0.49999999999999994,0.8660254037844387,276
PVC,2020-02,2020,2,0,342.0433694524867,0.0,0.8660254037844386,0.5000000000000001,277
PVC,2020-03,2020,3,0,342.0433694524867,0.0,1.0,6.123233995736766e-17,278
PVC,2020-04,2020,4,0,342.0433694524867,0.0,0.8660254037844387,-0.4999999999999998,279
PVC,2020-05,2020,5,0,342.0433694524867,0.0,0.49999999999999994,-0.8660254037844387,280
PVC,2020-06,2020,6,0,342.0433694524867,0.0,1.2246467991473532e-16,-1.0,281
PVC,2020-07,2020,7,0,342.0433694524867,0.0,-0.4999999999999997,-0.8660254037844388,282
PVC,2020-08,2020,8,0,342.0433694524867,0.0,-0.8660254037844384,-0.5000000000000004,283
PVC,2020-09,2020,9,1,342.0433694524867,0.002923605862030634,-1.0,-1.8369701987210297e-16,284
PVC,2020-10,2020,10,0,342.0433694524867,0.0,-0.8660254037844386,0.5000000000000001,285
PVC,2020-11,2020,11,0,342.0433694524867,0.0,-0.5000000000000004,0.8660254037844384,286
PVC,2020-12,2020,12,0,342.0433694524867,0.0,-2.4492935982947064e-16,1.0,287
PVC,2021-01,2021,1,0,353.8921496756791,0.0,0.49999999999999994,0.8660254037844387,288
PVC,2021-02,2021,2,0,353.8921496756791,0.0,0.8660254037844386,0.5000000000000001,289
PVC,2021-03,2021,3,0,353.8921496756791,0.0,1.0,6.123233995736766e-17,290
PVC,2021-04,2021,4,0,353.8921496756791,0.0,0.8660254037844387,-0.4999999999999998,291
PVC,2021-05,2021,5,0,353.8921496756791,0.0,0.49999999999999994,-0.8660254037844387,292
PVC,2021-06,2021,6,0,353.8921496756791,0.0,1.2246467991473532e-16,-1.0,293
PVC,2021-07,2021,7,0,353.8921496756791,0.0,-0.4999999999999997,-0.8660254037844388,294
PVC,2021-08,2021,8,0,353.8921496756791,0.0,-0.8660254037844384,-0.5000000000000004,295
PVC,2021-09,2021,9,0,353.8921496756791,0.0,-1.0,-1.8369701987210297e-16,296
PVC,2021-10,2021,10,0,353.8921496756791,0.0,-0.8660254037844386,0.5000000000000001,297
PVC,2021-11,2021,11,0,353.8921496756791,0.0,-0.5000000000000004,0.8660254037844384,298
PVC,2021-12,2021,12,0,353.8921496756791,0.0,-2.4492935982947064e-16,1.0,299
PVC,2022-01,2022,1,1,364.1874462021626,0.0027458387443835557,0.49999999999999994,0.8660254037844387,300
PVC,2022-02,2022,2,0,364.1874462021626,0.0,0.8660254037844386,0.5000000000000001,301
PVC,2022-03,2022,3,0,364.1874462021626,0.0,1.0,6.123233995736766e-17,302
PVC,2022-04,2022,4,0,364.1874462021626,0.0,0.8660254037844387,-0.4999999999999998,303
PVC,2022-05,2022,5,0,364.1874462021626,0.0,0.49999999999999994,-0.8660254037844387,304
PVC,2022-06,2022,6,0,364.1874462021626,0.0,1.2246467991473532e-16,-1.0,305
PVC,2022-07,2022,7,0,364.1874462021626,0.0,-0.4999999999999997,-0.8660254037844388,306
PVC,2022-08,2022,8,0,364.1874462021626,0.0,-0.8660254037844384,-0.5000000000000004,307
PVC,2022-09,2022,9,0,364.1874462021626,0.0,-1.0,-1.8369701987210297e-16,308
PVC,2022-10,2022,10,0,364.1874462021626,0.0,-0.8660254037844386,0.5000000000000001,309
PVC,2022-11,2022,11,0,364.1874462021626,0.0,-0.5000000000000004,0.8660254037844384,310
PVC,2022-12,2022,12,0,364.1874462021626,0.0,-2.4492935982947064e-16,1.0,311
PVC,2023-01,2023,1,0,372.6076967196887,0.0,0.49999999999999994,0.8660254037844387,312
PVC,2023-02,2023,2,1,372.6076967196887,0.0026837878251138115,0.8660254037844386,0.5000000000000001,313
PVC,2023-03,2023,3,0,372.6076967196887,0.0,1.0,6.123233995736766e-17,314
PVC,2023-04,2023,4,0,372.6076967196887,0.0,0.8660254037844387,-0.4999999999999998,315
PVC,2023-05,2023,5,1,372.6076967196887,0.0026837878251138115,0.49999999999999994,-0.8660254037844387,316
PVC,2023-06,2023,6,0,372.6076967196887,0.0,1.2246467991473532e-16,-1.0,317
PVC,2023-07,2023,7,0,372.6076967196887,0.0,-0.4999999999999997,-0.8660254037844388,318
PVC,2023-08,2023,8,0,372.6076967196887,0.0,-0.8660254037844384,-0.5000000000000004,319
PVC,2023-09,2023,9,0,372.6076967196887,0.0,-1.0,-1.8369701987210297e-16,320
PVC,2023-10,2023,10,1,372.6076967196887,0.0026837878251138115,-0.8660254037844386,0.5000000000000001,321
PVC,2023-11,2023,11,0,372.6076967196887,0.0,-0.5000000000000004,0.8660254037844384,322
PVC,2023-12,2023,12,0,372.6076967196887,0.0,-2.4492935982947064e-16,1.0,323
PVC,2024-01,2024,1,0,377.643419255185,0.0,0.49999999999999994,0.8660254037844387,324
PVC,2024-02,2024,2,0,377.643419255185,0.0,0.8660254037844386,0.5000000000000001,325
PVC,2024-03,2024,3,0,377.643419255185,0.0,1.0,6.123233995736766e-17,326
PVC,2024-04,2024,4,0,377.643419255185,0.0,0.8660254037844387,-0.4999999999999998,327
PVC,2024-05,2024,5,0,377.643419255185,0.0,0.49999999999999994,-0.8660254037844387,328
PVC,2024-06,2024,6,0,377.643419255185,0.0,1.2246467991473532e-16,-1.0,329
PVC,2024-07,2024,7,0,377.643419255185,0.0,-0.4999999999999997,-0.8660254037844388,330
PVC,2024-08,2024,8,1,377.643419255185,0.0026480005979510265,-0.8660254037844384,-0.5000000000000004,331
PVC,2024-09,2024,9,0,377.643419255185,0.0,-1.0,-1.8369701987210297e-16,332
PVC,2024-10,2024,10,0,377.643419255185,0.0,-0.8660254037844386,0.5000000000000001,333
PVC,2024-11,2024,11,1,377.643419255185,0.0026480005979510265,-0.5000000000000004,0.8660254037844384,334
PVC,2024-12,2024,12,0,377.643419255185,0.0,-2.4492935982947064e-16,1.0,335
PVC,2025-01,2025,1,0,383.0185619511311,0.0,0.49999999999999994,0.8660254037844387,336
PVC,2025-02,2025,2,0,383.0185619511311,0.0,0.8660254037844386,0.5000000000000001,337
PVC,2025-03,2025,3,0,383.0185619511311,0.0,1.0,6.123233995736766e-17,338
PVC,2025-04,2025,4,0,383.0185619511311,0.0,0.8660254037844387,-0.4999999999999998,339
PVC,2025-05,2025,5,1,383.0185619511311,0.0026108395240844458,0.49999999999999994,-0.8660254037844387,340
PVC,2025-06,2025,6,0,383.0185619511311,0.0,1.2246467991473532e-16,-1.0,341
PVC,2025-07,2025,7,0,383.0185619511311,0.0,-0.4999999999999997,-0.8660254037844388,342
PVC,2025-08,2025,8,0,383.0185619511311,0.0,-0.8660254037844384,-0.5000000000000004,343
PVC,2025-09,2025,9,0,383.0185619511311,0.0,-1.0,-1.8369701987210297e-16,344
PVC,2025-10,2025,10,2,383.0185619511311,0.0052216790481688915,-0.8660254037844386,0.5000000000000001,345
PVC,2025-11,2025,11,0,383.0185619511311,0.0,-0.5000000000000004,0.8660254037844384,346
PVC,2025-12,2025,12,0,383.0185619511311,0.0,-2.4492935982947064e-16,1.0,347
